{
"type": "FeatureCollection",
"crs": { "type": "name", "properties": { "name": "urn:ogc:def:crs:OGC:1.3:CRS84" } },
                                                                                
"features": [
{ "type": "Feature", "properties": { "DPTO": "05", "NOMBRE_DPT": "ANTIOQUIA", "AREA": 63351855546.894997, "PERIMETER": 1963728.8430000001, "HECTARES": 6335185.5549999997 }, "geometry": { "type": "Polygon", "coordinates": [ [ [ -76.307296752200472, 8.619299889431787 ], [ -76.298103332708664, 8.616399764640406 ], [ -76.291702270917597, 8.617500305932477 ], [ -76.276199340202012, 8.60879993391571 ], [ -76.262901306766281, 8.603500365680683 ], [ -76.251899719395169, 8.593600272668734 ], [ -76.239799499831705, 8.589599609021819 ], [ -76.227096558161534, 8.583700180478338 ], [ -76.227699279851606, 8.579099655292133 ], [ -76.217300414647411, 8.571599959760825 ], [ -76.216201782878116, 8.56400012950135 ], [ -76.2144012458417, 8.551300048733623 ], [ -76.212097167646547, 8.53460025816843 ], [ -76.211502074416103, 8.521900177648424 ], [ -76.208099365347678, 8.501000404898789 ], [ -76.205200195353854, 8.487700462096564 ], [ -76.201698302399166, 8.471599578043385 ], [ -76.200599669998809, 8.46399974867111 ], [ -76.197700500248644, 8.451299668030343 ], [ -76.195899962638137, 8.437999725351512 ], [ -76.195396422992715, 8.426500319746971 ], [ -76.196502685512499, 8.418399811395048 ], [ -76.200500489077498, 8.41670036392434 ], [ -76.21949767980999, 8.402299880581914 ], [ -76.234001159013445, 8.388500214292852 ], [ -76.246597290220947, 8.375300407594413 ], [ -76.254096984081045, 8.369500160819292 ], [ -76.26560211262651, 8.349900245476581 ], [ -76.283500671542413, 8.318300247253106 ], [ -76.299003601033903, 8.294599532291839 ], [ -76.312301636521667, 8.27449989342478 ], [ -76.327796936282567, 8.252599716319498 ], [ -76.342796324962663, 8.232999801601681 ], [ -76.35489654479052, 8.200099945604444 ], [ -76.364700317065129, 8.189200402062419 ], [ -76.372703551546039, 8.164400100997586 ], [ -76.382713318076185, 8.150289534980686 ], [ -76.38539886561469, 8.146499634355122 ], [ -76.392898559939283, 8.133299827578782 ], [ -76.392303466207267, 8.130999565744737 ], [ -76.395202637481333, 8.119400025262548 ], [ -76.399200438830036, 8.103300094042563 ], [ -76.401000976396304, 8.098099707726169 ], [ -76.405601500724131, 8.087699889299177 ], [ -76.406700134284293, 8.083100318228139 ], [ -76.413002013618225, 8.073300361051198 ], [ -76.413597107349261, 8.064100265994645 ], [ -76.414802550773103, 8.062299728308437 ], [ -76.416496277655469, 8.043299674415833 ], [ -76.415298462252196, 8.026499748710286 ], [ -76.416496276034181, 8.019000053667131 ], [ -76.417602538908469, 7.998799801233367 ], [ -76.420501708317218, 7.984399795952933 ], [ -76.421600341650446, 7.981500148043183 ], [ -76.422798156237675, 7.973400115699819 ], [ -76.428497313787602, 7.957300186323215 ], [ -76.431999206799503, 7.948599814554803 ], [ -76.448097228574142, 7.920400142718326 ], [ -76.455596924520663, 7.909999846600579 ], [ -76.460800170647062, 7.893899917181079 ], [ -76.463699340511795, 7.884099960838045 ], [ -76.468299866107898, 7.876599789389874 ], [ -76.481498718506842, 7.852399826229758 ], [ -76.490196228674506, 7.835100174637252 ], [ -76.497100829651856, 7.798099995088911 ], [ -76.500076293687272, 7.774499893377604 ], [ -76.501098632706558, 7.766399860187631 ], [ -76.504501341938649, 7.739200114899043 ], [ -76.509101866986455, 7.718500136990073 ], [ -76.51429748543967, 7.693699836334832 ], [ -76.51429748504637, 7.678100109201839 ], [ -76.518898010714238, 7.657899856971198 ], [ -76.518302917529226, 7.645699977453701 ], [ -76.514801024667747, 7.637000084542388 ], [ -76.509597778099405, 7.62029981633042 ], [ -76.505599974885072, 7.609899997174081 ], [ -76.5027008054589, 7.597700119608963 ], [ -76.487701416210328, 7.580299853717709 ], [ -76.481903075636083, 7.560699939735807 ], [ -76.477302551711603, 7.535200119636533 ], [ -76.466300963754591, 7.529399872094436 ], [ -76.45600128146117, 7.510900020478868 ], [ -76.446098327905631, 7.489500046027097 ], [ -76.435798644200474, 7.471499919130086 ], [ -76.429397582671299, 7.458799838469258 ], [ -76.425399780875338, 7.447800159416569 ], [ -76.410400390081477, 7.422900199662032 ], [ -76.404602050715397, 7.411300183164449 ], [ -76.396499633693054, 7.403800011357053 ], [ -76.379798889603649, 7.390399932152191 ], [ -76.36710357696515, 7.371300220644879 ], [ -76.35900115903398, 7.363200187981914 ], [ -76.346900939301534, 7.353300095130255 ], [ -76.34169769203919, 7.351600169861399 ], [ -76.030403136722299, 7.353099823211561 ], [ -75.911697387186592, 7.368800163483882 ], [ -75.841400147214145, 7.388700008248152 ], [ -75.83560180639391, 7.409500121270003 ], [ -75.825798034684652, 7.408899784895779 ], [ -75.819503784989564, 7.416900157283263 ], [ -75.810302734457593, 7.425000190449654 ], [ -75.800498962895148, 7.441699981776589 ], [ -75.786697387031012, 7.460100173888282 ], [ -75.774597168080035, 7.482600212897952 ], [ -75.762496948573386, 7.499899864474544 ], [ -75.746398925915699, 7.519499778862913 ], [ -75.734298705607131, 7.531499862409381 ], [ -75.723297118397838, 7.546500205822959 ], [ -75.714698790796035, 7.560900211197019 ], [ -75.700798034150111, 7.583399772785804 ], [ -75.696800232553201, 7.60360002469076 ], [ -75.688796996918967, 7.621500015124971 ], [ -75.68190002523589, 7.641600132227116 ], [ -75.682403563770421, 7.656099796739453 ], [ -75.676101685265067, 7.678599834534111 ], [ -75.671501159188097, 7.689000129808149 ], [ -75.662902832181146, 7.700500010691221 ], [ -75.649597167246398, 7.713099955785207 ], [ -75.626602172343425, 7.726299761887654 ], [ -75.60810089076179, 7.730899811442847 ], [ -75.592597962026929, 7.733699797919725 ], [ -75.585098266814768, 7.733699798964517 ], [ -75.574699402442377, 7.726099967997214 ], [ -75.564903258923707, 7.715700148721089 ], [ -75.555702209651329, 7.712200165257186 ], [ -75.545303343948561, 7.708099842657556 ], [ -75.536102294210167, 7.7052001956411 ], [ -75.527999877535876, 7.705100058961048 ], [ -75.521102904488998, 7.705100059195811 ], [ -75.513000488728238, 7.705599784455725 ], [ -75.507202147916061, 7.7067999836268 ], [ -75.503196715480072, 7.707300186485617 ], [ -75.5026016231933, 7.713099955763663 ], [ -75.497398375763268, 7.719999789993336 ], [ -75.491699218583378, 7.725800036612297 ], [ -75.489997863274382, 7.734399794828462 ], [ -75.493400572877093, 7.746600151278394 ], [ -75.4835968023731, 7.750000000086353 ], [ -75.477302550547591, 7.759799957358343 ], [ -75.472702026428692, 7.769000052592753 ], [ -75.46980285570308, 7.775899886378943 ], [ -75.473297119958929, 7.788599968710695 ], [ -75.475601195900765, 7.794400215964197 ], [ -75.473899840680076, 7.807700157303518 ], [ -75.457702636072071, 7.809999942247721 ], [ -75.450798034985283, 7.81110000619061 ], [ -75.431198119357845, 7.820199966345384 ], [ -75.411598204723319, 7.824800014855439 ], [ -75.396598815096667, 7.830500126472528 ], [ -75.374702454094233, 7.840199947028877 ], [ -75.360900878203083, 7.84649992010868 ], [ -75.346496582565564, 7.856800079086724 ], [ -75.342498778520522, 7.87529993086194 ], [ -75.341300963841249, 7.890299797057037 ], [ -75.334999084706809, 7.909900189275217 ], [ -75.333801269586132, 7.918000221099718 ], [ -75.327522278026549, 7.925164222821929 ], [ -75.321701050010589, 7.931799888338591 ], [ -75.30909729028113, 7.932400227432549 ], [ -75.301002503118127, 7.933499813729177 ], [ -75.289497374747043, 7.945600032772019 ], [ -75.289497375894001, 7.951300144075124 ], [ -75.285400391393665, 7.962299823728302 ], [ -75.281402588540274, 7.966899872493454 ], [ -75.272796630197064, 7.967400073373012 ], [ -75.267601012485812, 7.967999934788215 ], [ -75.260696411042929, 7.969099998655555 ], [ -75.257202148331018, 7.979499816374121 ], [ -75.254302977694138, 7.991600035899619 ], [ -75.244003296563577, 8.00080013320437 ], [ -75.236503600588122, 8.009499549855864 ], [ -75.228996276286253, 8.024399758010198 ], [ -75.216300964587134, 8.031900405998972 ], [ -75.214546203617729, 8.031888007587055 ], [ -75.201896666772939, 8.031800269821382 ], [ -75.176002502512944, 8.032299995700857 ], [ -75.154602050639824, 8.032199859032419 ], [ -75.129302978532181, 8.036199570313752 ], [ -75.105102538623441, 8.038399696822756 ], [ -75.090103148898081, 8.036600113714602 ], [ -75.073402405389643, 8.035900116605159 ], [ -75.056602477966933, 8.041099547910022 ], [ -75.029502868789208, 8.043199539900465 ], [ -74.994400024062372, 8.047699929010028 ], [ -74.970199585140264, 8.048199653660571 ], [ -74.95860290613534, 8.050499916488477 ], [ -74.933296203428043, 8.068300247922801 ], [ -74.910797119709684, 8.088399887575772 ], [ -74.907402039221068, 8.10280036956898 ], [ -74.895896911004215, 8.124699592315679 ], [ -74.87909698448594, 8.144900322562115 ], [ -74.86360168438911, 8.162099838521881 ], [ -74.854400634022582, 8.172499656241579 ], [ -74.839996337498476, 8.182200432411355 ], [ -74.833938599069938, 8.185330391530504 ], [ -74.819801330300194, 8.179300308304244 ], [ -74.806503296332664, 8.167099952087218 ], [ -74.794998168340513, 8.161299705059276 ], [ -74.788101197025739, 8.151399612475986 ], [ -74.778800964767569, 8.139200210579524 ], [ -74.749397278681641, 8.116000174865549 ], [ -74.729202271029564, 8.096300124365625 ], [ -74.707901000402529, 8.073100090464719 ], [ -74.677299500273705, 8.048700332965288 ], [ -74.650802613080103, 8.018600464502898 ], [ -74.626602172071188, 7.995900153406605 ], [ -74.602897644021155, 7.976200103433199 ], [ -74.569503783355785, 7.941999912294763 ], [ -74.555160522072626, 7.927527904692943 ], [ -74.547599793271573, 7.919899940617243 ], [ -74.538902283115036, 7.904900074560325 ], [ -74.538299560775471, 7.886400223182825 ], [ -74.539497375712756, 7.856900215316822 ], [ -74.534797667831597, 7.818799972585014 ], [ -74.534202576191745, 7.796800136447047 ], [ -74.523803711612771, 7.766200065175438 ], [ -74.515197753487428, 7.741899967358815 ], [ -74.500801085635146, 7.727399826062634 ], [ -74.480598449901919, 7.709400176490059 ], [ -74.477096557973027, 7.697199821479246 ], [ -74.489799498927212, 7.678800105207938 ], [ -74.51509857234845, 7.648900031303961 ], [ -74.532997131861194, 7.634500026404125 ], [ -74.552597046544463, 7.624199867864868 ], [ -74.56349944982594, 7.615600109749266 ], [ -74.570999145022242, 7.603499889790426 ], [ -74.570396422689939, 7.578599930273358 ], [ -74.574401855431816, 7.564799785479422 ], [ -74.579597473615323, 7.540599822696255 ], [ -74.597999571955356, 7.494999886054433 ], [ -74.611297606983086, 7.468500136893604 ], [ -74.615898132525928, 7.454100131555791 ], [ -74.614097594529937, 7.428699970774118 ], [ -74.609497070232308, 7.421700000787445 ], [ -74.600898742141652, 7.417600154306814 ], [ -74.595703124664567, 7.407199860051865 ], [ -74.592201233018528, 7.400300026644373 ], [ -74.588203430467004, 7.393899917458589 ], [ -74.580703735412612, 7.385200024236288 ], [ -74.569702147892286, 7.372399806367962 ], [ -74.557601927966019, 7.370100021965413 ], [ -74.541496276689969, 7.357299805039477 ], [ -74.530502319075779, 7.345099925679798 ], [ -74.526496886592426, 7.333000183309344 ], [ -74.521301268689825, 7.326600075614266 ], [ -74.516098023015473, 7.319099902602219 ], [ -74.506896973320423, 7.317299842505785 ], [ -74.497100830004868, 7.322500229007937 ], [ -74.488998413611554, 7.324699878443813 ], [ -74.482101439910608, 7.324699879046628 ], [ -74.474601746333136, 7.327000140543915 ], [ -74.471099853839121, 7.330999851736218 ], [ -74.469398498351794, 7.344299792882623 ], [ -74.466499327800307, 7.351799964339437 ], [ -74.456199645437351, 7.361000060237968 ], [ -74.438301085893841, 7.377099991312115 ], [ -74.434303284058132, 7.390399933589222 ], [ -74.43080139124902, 7.405399799624212 ], [ -74.429100036353248, 7.414599895878156 ], [ -74.426200866294295, 7.423799991522642 ], [ -74.422203064406688, 7.4341998107133 ], [ -74.411796570455209, 7.44460010530709 ], [ -74.405502320053301, 7.45319986282502 ], [ -74.402000427649583, 7.460700034953506 ], [ -74.391700745461719, 7.469299793653055 ], [ -74.389396667250239, 7.471000194762328 ], [ -74.38649749723514, 7.462399960132668 ], [ -74.381301880558141, 7.445600033532304 ], [ -74.377799987504488, 7.434000015169925 ], [ -74.375503539669111, 7.419000149299273 ], [ -74.375503540795961, 7.40740013196023 ], [ -74.370300293737486, 7.398200035029475 ], [ -74.362800597993953, 7.383699894009925 ], [ -74.364501952756783, 7.370999813029774 ], [ -74.372001648128844, 7.359499931630591 ], [ -74.382400513194312, 7.353199958359061 ], [ -74.391601562192363, 7.341700076335869 ], [ -74.397300719868909, 7.336500168194715 ], [ -74.405403136909513, 7.329599858167777 ], [ -74.420997619111432, 7.321000099961039 ], [ -74.426200866759515, 7.31059980394875 ], [ -74.42669677740065, 7.299099922389804 ], [ -74.42500305169132, 7.282299995074723 ], [ -74.422096252542502, 7.264999867027433 ], [ -74.422698974211229, 7.261499881786997 ], [ -74.420898437354055, 7.25050020151183 ], [ -74.419937133772152, 7.245166778483359 ], [ -74.41860198916082, 7.237800120848056 ], [ -74.423202513910496, 7.208399773003961 ], [ -74.426101684961864, 7.192800044472687 ], [ -74.427803039798306, 7.18699979725579 ], [ -74.427200318232593, 7.170199870809124 ], [ -74.416297913439038, 7.145899771818477 ], [ -74.409301757405444, 7.127999783349965 ], [ -74.406402588213609, 7.110099793041921 ], [ -74.400100708538261, 7.093299865207624 ], [ -74.38569641165347, 7.073599814733377 ], [ -74.379302978476375, 7.056300163722769 ], [ -74.372398375614381, 7.042399882792965 ], [ -74.37180328428235, 7.02159976939058 ], [ -74.37349700987204, 7.006000041131371 ], [ -74.37180328390771, 7.000800133157362 ], [ -74.365402221714803, 6.997300147356194 ], [ -74.358497620401081, 6.997300147349663 ], [ -74.355102538338286, 6.997200011430809 ], [ -74.345298766593388, 6.987999916110029 ], [ -74.335502623778481, 6.982699871493575 ], [ -74.316398620933697, 6.979199886456398 ], [ -74.309501647968276, 6.984300136648636 ], [ -74.299697875263476, 6.986599922893151 ], [ -74.296531677134055, 6.986405849873758 ], [ -74.289901733333181, 6.986000060524481 ], [ -74.285301209044349, 6.983699797747298 ], [ -74.277198792257565, 6.984799861104574 ], [ -74.267997742169499, 6.986499786714583 ], [ -74.261703491838063, 6.98530006373822 ], [ -74.248397827735488, 6.985199928232845 ], [ -73.954002380666353, 7.263599872631961 ], [ -73.955703735089614, 7.242800236196601 ], [ -73.954597473709853, 7.210400103853263 ], [ -73.951698303520587, 7.178100108569347 ], [ -73.950500487792993, 7.172900199327838 ], [ -73.945899963938444, 7.155499935436602 ], [ -73.93720245303308, 7.124899865028645 ], [ -73.937797546903028, 7.106400013229865 ], [ -73.940101623740702, 7.083899974564238 ], [ -73.928497314170841, 7.057799816051282 ], [ -73.91639709514105, 7.0376000403798 ], [ -73.907798767180267, 7.029399871113755 ], [ -73.900802611678117, 7.007999896239512 ], [ -73.896202086686444, 6.997000216582398 ], [ -73.896202086640727, 6.992400169888879 ], [ -73.9037017829137, 6.978000164218696 ], [ -73.926200867405029, 6.957300185921373 ], [ -73.953201294117491, 6.929100037083215 ], [ -73.972297669129233, 6.918799877069158 ], [ -74.008598327496358, 6.90799999239546 ], [ -74.021202087340797, 6.897600174382771 ], [ -74.053497315109709, 6.872399807433127 ], [ -74.075714111472948, 6.855112552557614 ], [ -74.084602356436449, 6.848199844757631 ], [ -74.113403320784727, 6.824100018286071 ], [ -74.128997803268859, 6.801599979885607 ], [ -74.136497497768218, 6.785500048957986 ], [ -74.142799377266144, 6.767000198126182 ], [ -74.145698547703333, 6.757199763912408 ], [ -74.154899597440661, 6.748600005861758 ], [ -74.171600341355841, 6.734799861463346 ], [ -74.185401917286939, 6.722700119287145 ], [ -74.200401306101085, 6.712399959390295 ], [ -74.226402282613535, 6.701000212914264 ], [ -74.24130249053718, 6.698100090236055 ], [ -74.255699158460729, 6.688899994148797 ], [ -74.278198241748882, 6.667699814056143 ], [ -74.28859710693466, 6.647500038434039 ], [ -74.301300048791049, 6.644700049902644 ], [ -74.312202454199877, 6.633699893764672 ], [ -74.335296630531374, 6.618199825820587 ], [ -74.34449768108108, 6.612500189899801 ], [ -74.355400084703618, 6.60850000334515 ], [ -74.377899169242824, 6.608600139907257 ], [ -74.392303466961181, 6.603499889083563 ], [ -74.405601501211436, 6.588500023494138 ], [ -74.418197632603622, 6.575799942426088 ], [ -74.421699523664572, 6.563700198660403 ], [ -74.432098388128779, 6.551099777834082 ], [ -74.438400268224015, 6.542399883662521 ], [ -74.440696717124695, 6.537799834931589 ], [ -74.444198608750753, 6.530900000885353 ], [ -74.43379974313244, 6.509500027053331 ], [ -74.431503295461198, 6.496799945878533 ], [ -74.431999206661189, 6.482900142352193 ], [ -74.431396483532836, 6.465600013090715 ], [ -74.4238967903662, 6.453999996091643 ], [ -74.417602538715045, 6.432000160328367 ], [ -74.417602538866319, 6.422800064291422 ], [ -74.409500121755144, 6.405399800198412 ], [ -74.396202086983564, 6.39260005970881 ], [ -74.394500732572851, 6.386899948311367 ], [ -74.399101257659126, 6.377099990120219 ], [ -74.422698974143586, 6.371399879233325 ], [ -74.438301086245673, 6.369100093410602 ], [ -74.447502135461406, 6.366899967886194 ], [ -74.460800171230233, 6.346700191726443 ], [ -74.475196838526742, 6.327099800696312 ], [ -74.485496521455019, 6.312099933081873 ], [ -74.499900817027594, 6.300099849818397 ], [ -74.51550292968291, 6.279300213325259 ], [ -74.52359771768117, 6.271900177612745 ], [ -74.530502318629672, 6.265500069033788 ], [ -74.531600951475767, 6.263800143813858 ], [ -74.543701171199714, 6.248799801443227 ], [ -74.551788330348046, 6.247377871790396 ], [ -74.555801391531148, 6.254700183420697 ], [ -74.560997008729188, 6.252999782254268 ], [ -74.566802979157245, 6.251299857942371 ], [ -74.575401306497298, 6.236299992254269 ], [ -74.578300476734483, 6.234600067810606 ], [ -74.585800170667454, 6.22300004905169 ], [ -74.592697143679629, 6.210899829762742 ], [ -74.60189819281554, 6.19770002447226 ], [ -74.604797364099468, 6.18440008237509 ], [ -74.608200074087961, 6.167699814188511 ], [ -74.608200073137212, 6.157899856107093 ], [ -74.613403320582108, 6.145199775100927 ], [ -74.622596740471408, 6.130799769744842 ], [ -74.6295013435481, 6.110000132693978 ], [ -74.63009643617211, 6.092700004144659 ], [ -74.624298095154572, 6.079400062750502 ], [ -74.613899230365035, 6.070700169192125 ], [ -74.611099243153774, 6.067200184435919 ], [ -74.607002259140913, 6.061999797275286 ], [ -74.601799011147406, 6.06139993732088 ], [ -74.593803404925339, 6.060200213688776 ], [ -74.589698791294865, 6.058400153394282 ], [ -74.587402343438782, 6.048600196384561 ], [ -74.591400146862412, 6.043399811266537 ], [ -74.594299315884669, 6.036499977084485 ], [ -74.598396301367046, 6.032499790530019 ], [ -74.601196288630973, 6.029600143665665 ], [ -74.604698181169141, 6.022099971084328 ], [ -74.605796814234552, 6.014599799638958 ], [ -74.602401732706198, 6.008200169230649 ], [ -74.593200683276081, 5.999499798144618 ], [ -74.589103699296018, 5.992599964131569 ], [ -74.587402342973903, 5.983300209723472 ], [ -74.587402343154849, 5.979899883615309 ], [ -74.590797424798225, 5.972899913188385 ], [ -74.601799011973696, 5.96840000173416 ], [ -74.611000060929328, 5.964900017232493 ], [ -74.618499755452476, 5.962100029338193 ], [ -74.625999449836769, 5.956900119392801 ], [ -74.625396729180437, 5.938399791686935 ], [ -74.625396729268658, 5.929800033345536 ], [ -74.621398925368482, 5.919899940398596 ], [ -74.617301940135619, 5.910699844870726 ], [ -74.608100891165734, 5.893899917175168 ], [ -74.609199523578852, 5.888700008028772 ], [ -74.623596192050883, 5.882400035942647 ], [ -74.635696411634981, 5.876699923675515 ], [ -74.643203734782375, 5.872099877119889 ], [ -74.651298522924137, 5.869200230308164 ], [ -74.660499573081353, 5.856599807274106 ], [ -74.659896849754702, 5.848999977260608 ], [ -74.662834167950891, 5.842849731231567 ], [ -74.66400146409805, 5.840400218191689 ], [ -74.663398743376263, 5.829400062609719 ], [ -74.667396544916443, 5.820199966860978 ], [ -74.673202514875655, 5.797100066386489 ], [ -74.674301148114353, 5.779200076774659 ], [ -74.674301146641554, 5.761899948885797 ], [ -74.674301148053914, 5.758399963659738 ], [ -74.676597595393389, 5.758399964234384 ], [ -74.684700012398167, 5.750999927058 ], [ -74.694999695285162, 5.752699852418464 ], [ -74.698501586888682, 5.762000084472129 ], [ -74.70480346668127, 5.762599945810258 ], [ -74.715202330943484, 5.762599944937661 ], [ -74.722702026121084, 5.759799957917917 ], [ -74.733703612524678, 5.742499828784326 ], [ -74.7410964968211, 5.731500148688215 ], [ -74.747497559420211, 5.716000080597836 ], [ -74.754997253160369, 5.704999923102951 ], [ -74.757797240813545, 5.690000057082944 ], [ -74.765296935582214, 5.68310022384923 ], [ -74.769897461157669, 5.682600021196157 ], [ -74.777999877965883, 5.680300235892611 ], [ -74.790100096975195, 5.678599833618816 ], [ -74.798202514324899, 5.677499770332662 ], [ -74.806800843042311, 5.679299830707008 ], [ -74.821800232731363, 5.68629980167941 ], [ -74.827598571331791, 5.689199924715101 ], [ -74.835098266312414, 5.690899849244293 ], [ -74.842002868942529, 5.694399834263236 ], [ -74.85350036695381, 5.69619989378328 ], [ -74.858703612937603, 5.700300216861715 ], [ -74.861000060697194, 5.708899974828697 ], [ -74.863296509507578, 5.714200020508022 ], [ -74.863899230481806, 5.720499991705456 ], [ -74.866798401105257, 5.724599838092438 ], [ -74.872596740711472, 5.730899811334936 ], [ -74.877197265776601, 5.733900069916044 ], [ -74.885803222516472, 5.732200145904032 ], [ -74.893302918088565, 5.730500220950756 ], [ -74.901397704799123, 5.727600098347397 ], [ -74.908302307640582, 5.726500035105986 ], [ -74.913497925351294, 5.7252998344227 ], [ -74.918098448936931, 5.723599911593095 ], [ -74.943496704303755, 5.717999935449892 ], [ -74.955596923605952, 5.715700149545249 ], [ -74.965400695386322, 5.714600086687542 ], [ -74.975799560788388, 5.713500023131319 ], [ -74.985603331700943, 5.711800097926382 ], [ -74.995903015273257, 5.711200236537353 ], [ -75.009201049550569, 5.707799910648606 ], [ -75.016700744650549, 5.705599785045396 ], [ -75.0192413332569, 5.694767951359036 ], [ -75.020103454379353, 5.691100120245491 ], [ -75.026496887195663, 5.681300163474965 ], [ -75.035102844604168, 5.674399852560847 ], [ -75.047798156273302, 5.669899940758192 ], [ -75.060501099037083, 5.666500090925254 ], [ -75.06970214819647, 5.662499903859283 ], [ -75.079498291080611, 5.659599781299574 ], [ -75.091003418084156, 5.653900146599941 ], [ -75.094497681477065, 5.653900146597934 ], [ -75.111198425304764, 5.649300097779927 ], [ -75.115798949845072, 5.648200034784886 ], [ -75.1197967525693, 5.641900061785792 ], [ -75.121002197865849, 5.630899905342226 ], [ -75.122703552318569, 5.62109994851687 ], [ -75.126701354585251, 5.612400055049961 ], [ -75.125000000090864, 5.598000049804416 ], [ -75.124397278269868, 5.591599940426548 ], [ -75.124397278618503, 5.580699920189326 ], [ -75.13069915852256, 5.573800086455836 ], [ -75.139999388851805, 5.570899964110204 ], [ -75.146896361636436, 5.567999838926053 ], [ -75.153198241419247, 5.563499927493074 ], [ -75.156700134846105, 5.554800034351662 ], [ -75.15899658162617, 5.545599937094218 ], [ -75.161300660011364, 5.537499904404314 ], [ -75.166999816984898, 5.531199932816367 ], [ -75.171600340988121, 5.52769994704504 ], [ -75.179702758943307, 5.522600174653419 ], [ -75.192398071659696, 5.520299911654422 ], [ -75.204498291324455, 5.518000126386876 ], [ -75.219497680394838, 5.516900062224889 ], [ -75.235000610933696, 5.512400150979241 ], [ -75.247100829270764, 5.491099834182938 ], [ -75.254600524543577, 5.473199844609219 ], [ -75.274200440066053, 5.464600085527011 ], [ -75.286300659862093, 5.460000037669307 ], [ -75.288002013508745, 5.458300113884607 ], [ -75.30300140454257, 5.460100173688548 ], [ -75.313400268422555, 5.460199832298622 ], [ -75.323196410729466, 5.457300186047446 ], [ -75.336502074750882, 5.456799983979224 ], [ -75.339897155971641, 5.458000183271492 ], [ -75.344001769326496, 5.464300156381754 ], [ -75.347396851270631, 5.47469997435169 ], [ -75.349700926949282, 5.485099792147727 ], [ -75.349700928059704, 5.497799873736586 ], [ -75.350898742413719, 5.502500057369155 ], [ -75.353797913098674, 5.516900063279623 ], [ -75.36650085386627, 5.533199787584718 ], [ -75.367599487258843, 5.555099963343858 ], [ -75.370498657926021, 5.568399905796595 ], [ -75.375198363626936, 5.574800015074887 ], [ -75.374000549033042, 5.586900234808908 ], [ -75.374000550129892, 5.594999790087257 ], [ -75.376899720059484, 5.597899913879664 ], [ -75.386100769143965, 5.601399898931557 ], [ -75.39250183024815, 5.601399899340069 ], [ -75.40170288026286, 5.599699974176667 ], [ -75.409202575142785, 5.605500221097 ], [ -75.402801514132406, 5.620500087630719 ], [ -75.399398803460798, 5.634399891668952 ], [ -75.393096923782252, 5.65110015912428 ], [ -75.393600463087239, 5.65339994498265 ], [ -75.396499633549695, 5.659200190797349 ], [ -75.405197143952478, 5.66440010047533 ], [ -75.412101746314548, 5.668499945951522 ], [ -75.4196014410267, 5.677199841180947 ], [ -75.425903320483044, 5.683599948801881 ], [ -75.43399810862833, 5.683599948582906 ], [ -75.441497803543328, 5.687099934319432 ], [ -75.453598022220916, 5.687200070220872 ], [ -75.455902099949625, 5.683100224122439 ], [ -75.469802856075276, 5.676799774306257 ], [ -75.484703063808254, 5.665900229745103 ], [ -75.498596190643894, 5.66249990549339 ], [ -75.507797241698952, 5.660200119153466 ], [ -75.514099121518441, 5.668399811190201 ], [ -75.52570343009377, 5.671299934610329 ], [ -75.537200927341829, 5.673099994405761 ], [ -75.54299926789534, 5.681799889025226 ], [ -75.551002501843982, 5.686999797744119 ], [ -75.5590972903683, 5.691699981181134 ], [ -75.56199645947018, 5.700300216418926 ], [ -75.563201903740477, 5.707799912342032 ], [ -75.566596984071168, 5.713600159551485 ], [ -75.572998046780086, 5.716499804788838 ], [ -75.575302124636906, 5.717700005369108 ], [ -75.582199096362473, 5.717199802460556 ], [ -75.592597962101237, 5.721300124309132 ], [ -75.604698181183039, 5.725299835876327 ], [ -75.607261657533854, 5.725541115286956 ], [ -75.618499755782437, 5.726600169311515 ], [ -75.625137328761028, 5.725503445245245 ], [ -75.625999450116481, 5.717299938786939 ], [ -75.622497559295482, 5.701200008275241 ], [ -75.618499756023027, 5.688399792031974 ], [ -75.617301941699935, 5.679800033676292 ], [ -75.623100280397054, 5.671700001225102 ], [ -75.626289367160396, 5.667068958555729 ], [ -75.627098082672703, 5.665900231200006 ], [ -75.624198912907303, 5.651500225268046 ], [ -75.61959838917673, 5.63649988115167 ], [ -75.62190246646675, 5.616799832102517 ], [ -75.626502990302413, 5.600100040126812 ], [ -75.626502990277046, 5.597799777295953 ], [ -75.617301941261687, 5.574100017231886 ], [ -75.615501403879747, 5.556099891012488 ], [ -75.616699219025023, 5.542900085035252 ], [ -75.616699219209281, 5.531300068160841 ], [ -75.615501403045471, 5.522600173552284 ], [ -75.614303588724098, 5.515100002175176 ], [ -75.623596191454496, 5.512899875336894 ], [ -75.633903503521665, 5.518700122371741 ], [ -75.652397156410672, 5.519899844922824 ], [ -75.659301758424988, 5.519400119883818 ], [ -75.667999267906367, 5.51770019611271 ], [ -75.67030334395308, 5.51480007166515 ], [ -75.680099486947128, 5.512499809916428 ], [ -75.693901061327651, 5.510799885049132 ], [ -75.706001281988833, 5.507999897028081 ], [ -75.709503173837604, 5.505099774136963 ], [ -75.712303161744913, 5.504000186203532 ], [ -75.716903686882418, 5.504600047267615 ], [ -75.728500365880876, 5.506400109153295 ], [ -75.735397339456028, 5.512199878695483 ], [ -75.738296509496791, 5.518000125868249 ], [ -75.740600586535507, 5.520299911871129 ], [ -75.744102477412341, 5.523799895839939 ], [ -75.744102478199707, 5.527200221643493 ], [ -75.749801636456624, 5.526100159013776 ], [ -75.754402161277753, 5.524400234101335 ], [ -75.757896423105365, 5.5232000353633 ], [ -75.764198303577928, 5.523799895698547 ], [ -75.772300719373504, 5.525000094934626 ], [ -75.786697387808431, 5.522200106882323 ], [ -75.797096251701348, 5.518799781916561 ], [ -75.810302735034512, 5.514200210813313 ], [ -75.8229980469753, 5.514299869794116 ], [ -75.834602356048919, 5.514900207065788 ], [ -75.840896606805458, 5.514299870055166 ], [ -75.851799011079891, 5.505199909595316 ], [ -75.859901427746365, 5.498300075356069 ], [ -75.868598937758364, 5.497700214888265 ], [ -75.882400512234568, 5.489099979658747 ], [ -75.885299682781792, 5.483300208897013 ], [ -75.886505127028002, 5.475137710456404 ], [ -75.892700195270578, 5.47300004892414 ], [ -75.896202087536082, 5.471799849879046 ], [ -75.902000426692993, 5.471899985447932 ], [ -75.911796570004725, 5.472499846995217 ], [ -75.919799805538261, 5.470799922293083 ], [ -75.933700561097453, 5.470799922594551 ], [ -75.939399718536976, 5.470900058406201 ], [ -75.955001831395634, 5.472099780905832 ], [ -75.977500915477023, 5.470399856693331 ], [ -75.986701964522993, 5.470499992372013 ], [ -76.003997802297434, 5.473400115957308 ], [ -76.017303467168915, 5.471799849662152 ], [ -76.023002623858986, 5.475299835627226 ], [ -76.02819824252542, 5.486299990892151 ], [ -76.037399292630312, 5.488599776695822 ], [ -76.046699524762715, 5.491499900836129 ], [ -76.064002990125502, 5.514100075505284 ], [ -76.066299439041174, 5.530300139534973 ], [ -76.067497253378122, 5.543000221833534 ], [ -76.06520080598159, 5.55340004016182 ], [ -76.069801330220216, 5.57250022853025 ], [ -76.077903747684815, 5.583499909125613 ], [ -76.089996337602315, 5.589900017402388 ], [ -76.09519958503256, 5.598000049192391 ], [ -76.106697082899586, 5.61129999115471 ], [ -76.121101379997725, 5.62470006976247 ], [ -76.126899718618574, 5.636300087655404 ], [ -76.132698058929904, 5.650700092463448 ], [ -76.129203795912005, 5.652999877835491 ], [ -76.129798888622616, 5.659999847665076 ], [ -76.128097534439178, 5.672100066703205 ], [ -76.128601073923775, 5.685400009618149 ], [ -76.123497009176106, 5.70209980060041 ], [ -76.122901916794987, 5.712500096037084 ], [ -76.138999938455726, 5.729899883809471 ], [ -76.129203795971975, 5.740799904047627 ], [ -76.128700256392449, 5.745999813047876 ], [ -76.131599425828369, 5.755300044513666 ], [ -76.140800475453801, 5.773200034701071 ], [ -76.147697448834663, 5.784200192018016 ], [ -76.159797668364334, 5.805699825279717 ], [ -76.159301758209651, 5.824100018390882 ], [ -76.155197143507152, 5.843200206564823 ], [ -76.154701232762179, 5.864500046274123 ], [ -76.15239715606431, 5.882999897269412 ], [ -76.149497985299334, 5.900300025798547 ], [ -76.146102905905323, 5.915299891821761 ], [ -76.149497985597236, 5.929200172706545 ], [ -76.150100708134559, 5.935599804578244 ], [ -76.141998291511939, 5.944200039709225 ], [ -76.142097472417802, 5.953999995740546 ], [ -76.139198303772559, 5.963300228698016 ], [ -76.13279724164282, 5.970699787023576 ], [ -76.131698608039002, 5.974800109160809 ], [ -76.140899659016839, 5.981699943951297 ], [ -76.150100707713094, 5.983500002991316 ], [ -76.15709686283013, 5.985300063253448 ], [ -76.164001465464807, 5.98589992447953 ], [ -76.176696777599275, 5.987699986054476 ], [ -76.181297302099765, 5.988299847430947 ], [ -76.188346862264297, 5.989463330088754 ], [ -76.191596985506237, 5.989999770307866 ], [ -76.197402954718982, 5.990600109007086 ], [ -76.203796387425811, 5.991300106429891 ], [ -76.212997436175399, 5.992400169640391 ], [ -76.219299316453061, 5.99359989086673 ], [ -76.222801208969344, 5.999999999971044 ], [ -76.226196289502951, 6.003499985362176 ], [ -76.232002257718705, 6.006400108043566 ], [ -76.237800597853848, 6.012199879202346 ], [ -76.244102477871962, 6.020299911445419 ], [ -76.244697571259351, 6.029500007156579 ], [ -76.247596740283967, 6.041699886163888 ], [ -76.251602172483558, 6.062500000481654 ], [ -76.25910186726918, 6.079899787059229 ], [ -76.259201050417275, 6.099500178500501 ], [ -76.265502930299206, 6.113999842985375 ], [ -76.265502930012403, 6.131299972770482 ], [ -76.261497498084921, 6.147999762630806 ], [ -76.255699158161065, 6.173999786515278 ], [ -76.263198851697695, 6.186699867739748 ], [ -76.277099609554199, 6.196000099001987 ], [ -76.289802550902394, 6.194900036692442 ], [ -76.304199219123618, 6.192699909162012 ], [ -76.321998596629641, 6.190499782286074 ], [ -76.336326598819994, 6.187493800579197 ], [ -76.338203430032678, 6.187099933466214 ], [ -76.361801148269322, 6.177299976465262 ], [ -76.386596679231118, 6.175700188511868 ], [ -76.416000366925786, 6.174699784056574 ], [ -76.434997558184364, 6.173600197114252 ], [ -76.456901549721849, 6.171400069961346 ], [ -76.482902526389253, 6.168000221539479 ], [ -76.502998351678755, 6.166399955561493 ], [ -76.515098571619475, 6.166399956475759 ], [ -76.541702270965743, 6.16650009193499 ], [ -76.564102172298703, 6.16489982615013 ], [ -76.581398010357631, 6.157999992762819 ], [ -76.605598450181063, 6.156400203544358 ], [ -76.626998900857515, 6.157599926160161 ], [ -76.648300171215027, 6.163499831480825 ], [ -76.671401978183141, 6.1630001069977 ], [ -76.703598022351301, 6.164899826175072 ], [ -76.716560364426982, 6.168775558153636 ], [ -76.723571778106432, 6.18216037780984 ], [ -76.720779418109899, 6.188662529178067 ], [ -76.717529297196776, 6.195628642446014 ], [ -76.722640991099297, 6.199808596892784 ], [ -76.722175598774655, 6.208168507104146 ], [ -76.720779418363051, 6.213741778699536 ], [ -76.727287292819511, 6.221172333385065 ], [ -76.727752684709088, 6.237427234065986 ], [ -76.731002806810665, 6.238820552192989 ], [ -76.738433838608543, 6.241607189045734 ], [ -76.744003296746186, 6.243929386018725 ], [ -76.757469176610144, 6.252289294785504 ], [ -76.758399964131911, 6.259255409040238 ], [ -76.755149841512477, 6.269008636029354 ], [ -76.751899718666408, 6.278761386053188 ], [ -76.757934570441606, 6.286192416976645 ], [ -76.767692566171036, 6.286656855861374 ], [ -76.780227661212095, 6.28619241700711 ], [ -76.786727906082902, 6.294552326900998 ], [ -76.785804749352209, 6.308949470424943 ], [ -76.792770384915144, 6.317309379329037 ], [ -76.791839599652903, 6.327991008943566 ], [ -76.785339355675831, 6.329384327763397 ], [ -76.781623840335286, 6.333564280845983 ], [ -76.794624328216983, 6.345871447744817 ], [ -76.791839599611436, 6.354695797078685 ], [ -76.782554626059095, 6.358179092962148 ], [ -76.776512145872985, 6.363287448152252 ], [ -76.775123596397805, 6.370254039664343 ], [ -76.782089232647479, 6.371647358284509 ], [ -76.789985656312325, 6.377220631425899 ], [ -76.787658690618926, 6.383722305977217 ], [ -76.780693054983004, 6.38372230586729 ], [ -76.772331237282259, 6.381864547059075 ], [ -76.769081115862988, 6.388831139128172 ], [ -76.772796630583699, 6.398584366638087 ], [ -76.790908813236101, 6.408801555945206 ], [ -76.79880523758284, 6.416232586361292 ], [ -76.798339843231886, 6.424592018662285 ], [ -76.789520264284405, 6.425985335965937 ], [ -76.776512145758005, 6.422269821769438 ], [ -76.768157958471491, 6.426449775663951 ], [ -76.766761780205414, 6.437131881694521 ], [ -76.772796630211673, 6.443169117007646 ], [ -76.77883911180912, 6.439454078927294 ], [ -76.790443420806326, 6.435738563336868 ], [ -76.798339844399081, 6.438525200554849 ], [ -76.799736023549443, 6.44642019258162 ], [ -76.791374207118565, 6.458495616850308 ], [ -76.785339355159877, 6.469177245615622 ], [ -76.785804749357752, 6.476608277138213 ], [ -76.782089233296801, 6.475679397493541 ], [ -76.778373718862468, 6.467783927098191 ], [ -76.771408080766093, 6.470570564378135 ], [ -76.771873473786613, 6.482181549718671 ], [ -76.790443420393487, 6.49611425432809 ], [ -76.807167053401628, 6.510511398263146 ], [ -76.817848205106785, 6.491469859291483 ], [ -76.82481384219686, 6.490076542367889 ], [ -76.822959899682544, 6.525372982116305 ], [ -76.828529358676505, 6.52908849666798 ], [ -76.840606688674043, 6.521657944046866 ], [ -76.845710753603754, 6.524444103265264 ], [ -76.853141783897442, 6.558115482497395 ], [ -76.868469237937362, 6.572977065738489 ], [ -76.880081177579541, 6.571119308746522 ], [ -76.88658142114258, 6.563224315726276 ], [ -76.890296936070399, 6.563224315803184 ], [ -76.899124146285459, 6.574834823517397 ], [ -76.902374267723815, 6.589231968312541 ], [ -76.894943237054974, 6.607344628086797 ], [ -76.884262084763705, 6.611060142265512 ], [ -76.86708068808997, 6.609666824203305 ], [ -76.862434386743388, 6.623135566043085 ], [ -76.874969482783229, 6.631959438442435 ], [ -76.886116027566089, 6.631030559371333 ], [ -76.90933990471261, 6.628243922473041 ], [ -76.915374756444365, 6.639854907893487 ], [ -76.910270690112682, 6.650536536722552 ], [ -76.898193360051977, 6.666791915383499 ], [ -76.909339904414949, 6.674222468611949 ], [ -76.919090271420643, 6.667256355386577 ], [ -76.923271179259771, 6.651465415380915 ], [ -76.927917480081945, 6.649607657548402 ], [ -76.937210083841265, 6.6519298547982 ], [ -76.94184875443797, 6.661218642449542 ], [ -76.940460205716747, 6.686762332956602 ], [ -76.944633484490055, 6.68908405239077 ], [ -76.946029663050453, 6.687226772066896 ], [ -76.947425841504284, 6.6816535000102 ], [ -76.950675965117611, 6.677473544581378 ], [ -76.960426330369089, 6.677009105846712 ], [ -76.966468810526678, 6.677937984039827 ], [ -76.968788147555898, 6.68444013646069 ], [ -76.967391967880545, 6.689084053013271 ], [ -76.950210570896658, 6.699766159320014 ], [ -76.938133240361694, 6.715092181639669 ], [ -76.939994812701698, 6.722058773715097 ], [ -76.946495055831491, 6.725774288060038 ], [ -76.960426329820663, 6.728096485599782 ], [ -76.968788147418437, 6.741564750679825 ], [ -76.970184325631195, 6.749460219790848 ], [ -76.965538024902528, 6.762464046065533 ], [ -76.967857360146724, 6.774074554093547 ], [ -76.966468810854877, 6.784292220614355 ], [ -76.962287902157527, 6.793580531790207 ], [ -76.962753296074524, 6.795902728553458 ], [ -76.969253539552369, 6.79776048656489 ], [ -76.976684570041954, 6.798689364535768 ], [ -76.976684569816868, 6.808442592100732 ], [ -76.975753784226086, 6.813550949536213 ], [ -76.969718933256814, 6.81680202422539 ], [ -76.955322266285307, 6.817266464977058 ], [ -76.942314148268579, 6.814479827590168 ], [ -76.937210083528797, 6.814479827245133 ], [ -76.935348510916839, 6.81587314536346 ], [ -76.933494568340947, 6.823304175967198 ], [ -76.92838287312064, 6.838165760343648 ], [ -76.918632507934888, 6.848615647189761 ], [ -76.903305052907172, 6.835611343965126 ], [ -76.895874023056749, 6.842577934515257 ], [ -76.883331299259467, 6.852795123835589 ], [ -76.85639953670541, 6.84582900929199 ], [ -76.850357055014257, 6.839791297297632 ], [ -76.839675903427704, 6.831431389218758 ], [ -76.838279723520927, 6.835146904309796 ], [ -76.835960388948337, 6.840720176302679 ], [ -76.82342529236584, 6.837004661032569 ], [ -76.821563721040476, 6.84072017599898 ], [ -76.821098328372102, 6.846757888681441 ], [ -76.835494995532244, 6.858832836355566 ], [ -76.832710266475658, 6.861619472251839 ], [ -76.820167542090289, 6.862083911405152 ], [ -76.80066680870091, 6.863941669366966 ], [ -76.795089721595858, 6.871836661649083 ], [ -76.793235778927155, 6.877874374216316 ], [ -76.791374205750472, 6.889020919602314 ], [ -76.796951294106833, 6.902024746582192 ], [ -76.801589965621929, 6.921530723415123 ], [ -76.800132750940264, 6.936585426522976 ], [ -76.8037490851017, 6.951627254801634 ], [ -76.814834595080129, 6.965312004557134 ], [ -76.827949524702035, 6.958639145361171 ], [ -76.831680298576813, 6.958639144797749 ], [ -76.836700439486847, 6.970099926502584 ], [ -76.838401794232013, 6.984000206818294 ], [ -76.840202331952483, 6.994400024132235 ], [ -76.838996886860954, 7.001900195805661 ], [ -76.834396362586716, 7.009399890332928 ], [ -76.832702637057935, 7.010499953500752 ], [ -76.830398559429227, 7.01109981620971 ], [ -76.812499999976836, 7.011600017683171 ], [ -76.795196533136789, 7.012700080180277 ], [ -76.781402587412629, 7.012599944692007 ], [ -76.755996704431638, 7.012499809307531 ], [ -76.733497620348658, 7.018799781072187 ], [ -76.722000121698727, 7.026199818514402 ], [ -76.715698242813886, 7.02680015643963 ], [ -76.705902098925634, 7.026100158358671 ], [ -76.680496215777097, 7.011600017578649 ], [ -76.663200378569712, 7.007500172269244 ], [ -76.647598267439676, 7.000500202855816 ], [ -76.633796692067065, 6.998099804138895 ], [ -76.611297608129931, 6.99860000632218 ], [ -76.588798523796456, 6.986400127918771 ], [ -76.573799132716829, 6.973599910279644 ], [ -76.555999756448713, 6.970600128272714 ], [ -76.553596496269066, 6.972400188204005 ], [ -76.549598694420283, 6.981599808503677 ], [ -76.546699523796477, 6.988500118393782 ], [ -76.546699524106643, 7.003499984764122 ], [ -76.547302246929277, 7.023700237609537 ], [ -76.544998169705622, 7.043399811460723 ], [ -76.543296813744035, 7.060100078057858 ], [ -76.533500671046582, 7.078599930634432 ], [ -76.529502868947276, 7.08780002635113 ], [ -76.520896910956395, 7.099299906982525 ], [ -76.514907837169076, 7.113348484361485 ], [ -76.51450347856418, 7.114299773956939 ], [ -76.506500244807938, 7.126999854914017 ], [ -76.502998351826079, 7.140200138574913 ], [ -76.510498047724596, 7.154099940796082 ], [ -76.516296387185221, 7.162199974451346 ], [ -76.522102355562666, 7.198699951640399 ], [ -76.526100159318318, 7.226399898090898 ], [ -76.542297362884227, 7.254199981339668 ], [ -76.557800292808835, 7.262400150985607 ], [ -76.572082518822228, 7.285744667706773 ], [ -76.587051391521072, 7.303156853240242 ], [ -76.619003296613585, 7.316299915277726 ], [ -76.641120911479888, 7.325762272204508 ], [ -76.658233642589892, 7.339203358518386 ], [ -76.672286987149391, 7.34806203903612 ], [ -76.685111999110433, 7.356615542699362 ], [ -76.706802368947265, 7.370667934963394 ], [ -76.720245362118803, 7.386552810665438 ], [ -76.72757721007909, 7.40304851481145 ], [ -76.737655639867185, 7.42626524008464 ], [ -76.752548217913258, 7.469726086283322 ], [ -76.752624512477425, 7.469948768103376 ], [ -76.762092590912559, 7.502329348748492 ], [ -76.80417633036096, 7.576720714392995 ], [ -76.820915222497646, 7.588069439451381 ], [ -76.84729766906203, 7.588920593145363 ], [ -76.860916137575558, 7.594878673703435 ], [ -76.897232055314959, 7.588920593292987 ], [ -76.954826355046464, 7.619845866323083 ], [ -76.957145691646687, 7.620437622431166 ], [ -76.983764648620337, 7.627222538781142 ], [ -77.001640320076632, 7.657863616241186 ], [ -77.021003723814331, 7.676700116022838 ], [ -77.038299560706761, 7.690700055017727 ], [ -77.067703247151954, 7.714499950336459 ], [ -77.088500975880081, 7.729000090739278 ], [ -77.101699829027964, 7.740600109758954 ], [ -77.11499786443953, 7.766600132326289 ], [ -77.132896423438766, 7.795000077008549 ], [ -77.149002075973868, 7.822199822303564 ], [ -77.136398315596722, 7.834899902054923 ], [ -77.125396728551308, 7.831399917243702 ], [ -77.115600585389288, 7.834199905740764 ], [ -77.108703612841637, 7.848599911586888 ], [ -77.099502563756573, 7.85729980403739 ], [ -77.085601807471136, 7.86359977786103 ], [ -77.071197509569686, 7.870399952654133 ], [ -77.063201904954681, 7.88310003244265 ], [ -77.039596557435118, 7.910200118574379 ], [ -77.036697387407486, 7.918200015912432 ], [ -77.029800415364932, 7.941899776166035 ], [ -77.033798218122612, 7.956299781115145 ], [ -77.030403137839826, 7.971300124505867 ], [ -77.019401550455271, 7.980000019111343 ], [ -77.018898010116942, 7.99039983792354 ], [ -77.021697997774112, 7.998499870203624 ], [ -77.021697997470042, 8.005999564408652 ], [ -77.005599975593512, 8.029600143883824 ], [ -76.992401123797507, 8.042799950052878 ], [ -76.983306885227663, 8.047850608907428 ], [ -76.97920227102388, 8.053129196781102 ], [ -76.967445373638455, 8.0661125191042 ], [ -76.963623046123004, 8.070486069135816 ], [ -76.962532044204423, 8.080053328965057 ], [ -76.964164734578773, 8.091259956591466 ], [ -76.968544007115625, 8.101920127427055 ], [ -76.972091674441188, 8.11422061839848 ], [ -76.971549987481268, 8.137181282530731 ], [ -76.97236633265176, 8.162055969965632 ], [ -76.973731995435216, 8.178730011392295 ], [ -76.976470948057369, 8.182556151819126 ], [ -76.985488891854502, 8.204423905159937 ], [ -76.992866515408295, 8.219183921339114 ], [ -76.993965148572727, 8.23011779865006 ], [ -76.996421814556328, 8.245697975147722 ], [ -76.99669647232048, 8.250891686259649 ], [ -76.996696472439041, 8.256359100500953 ], [ -76.99778747492563, 8.261279106274118 ], [ -76.999977112391619, 8.266199111837876 ], [ -77.001098632132909, 8.273300170868918 ], [ -76.994201659868978, 8.27849960341716 ], [ -76.983802795151817, 8.268600464325857 ], [ -76.973503113570288, 8.259300232614324 ], [ -76.97810363706769, 8.248999595477057 ], [ -76.986701965029866, 8.235699654072528 ], [ -76.985000610955353, 8.221300125211638 ], [ -76.97059631298859, 8.207900046937183 ], [ -76.953796386330694, 8.189900398194405 ], [ -76.946899413975061, 8.173199653229695 ], [ -76.953201294145558, 8.168600082055011 ], [ -76.957801818464773, 8.166899681383779 ], [ -76.966957091752619, 8.163392067106514 ], [ -76.962997437055535, 8.152999877211972 ], [ -76.955001830776595, 8.146599768790475 ], [ -76.953201294383092, 8.132200240738747 ], [ -76.965400696100318, 8.111186981470963 ], [ -76.953201293129482, 8.103899956028036 ], [ -76.94969940186192, 8.100399971104455 ], [ -76.938201903570203, 8.114199638976091 ], [ -76.925498961873046, 8.11940002412973 ], [ -76.91690063512965, 8.138400077426924 ], [ -76.90309906037065, 8.137200354731242 ], [ -76.89209747315158, 8.140000343346392 ], [ -76.866798400144916, 8.143400192683893 ], [ -76.869102477646265, 8.134099960018483 ], [ -76.879402160678268, 8.129599571276531 ], [ -76.890403747455764, 8.130200385842945 ], [ -76.896102905690469, 8.119199752133909 ], [ -76.909400939923913, 8.107700347485348 ], [ -76.909400939449981, 8.102501869982882 ], [ -76.873703002166607, 8.115699767899633 ], [ -76.867301941058074, 8.11040019984762 ], [ -76.856903076550552, 8.101200103866827 ], [ -76.864402771415456, 8.096599579393127 ], [ -76.878303528600554, 8.092000007356585 ], [ -76.873100281040522, 8.083299637170942 ], [ -76.861000061661684, 8.078599930041822 ], [ -76.85630035320753, 8.061900139170653 ], [ -76.868400573645573, 8.059599876203475 ], [ -76.886299133645934, 8.066599845767124 ], [ -76.873001099195506, 8.053299904227051 ], [ -76.870697022271344, 8.03359985322148 ], [ -76.894897461258608, 8.037799835826995 ], [ -76.908203125363997, 8.043600082505746 ], [ -76.919197081702052, 8.049400329280394 ], [ -76.936500548511546, 8.049500464746933 ], [ -76.945098876228727, 8.038599967860076 ], [ -76.946800231941054, 8.023599623778873 ], [ -76.951400756071664, 8.004500388790323 ], [ -76.95020294180361, 7.977900027713577 ], [ -76.947402954768748, 7.955399989392421 ], [ -76.942703247746437, 7.940899849634561 ], [ -76.937499999872941, 7.933400153610016 ], [ -76.906402588262907, 7.920599938019723 ], [ -76.894302368469354, 7.918799876581459 ], [ -76.879302977968152, 7.917600154272262 ], [ -76.852798462549416, 7.918600083205192 ], [ -76.841796874690658, 7.920300006677618 ], [ -76.829200743868469, 7.923699855959845 ], [ -76.813598633322897, 7.925399780063828 ], [ -76.799797057516699, 7.931099892178585 ], [ -76.7761001581773, 7.935599803828714 ], [ -76.768600463065169, 7.939599991483486 ], [ -76.761199950788111, 7.955200195373815 ], [ -76.75540161201431, 7.971899986151526 ], [ -76.754302979176231, 7.999599932957758 ], [ -76.754302978858803, 8.024499894008853 ], [ -76.752601622767017, 8.038299560988904 ], [ -76.748497008968116, 8.061400413697449 ], [ -76.748497009059662, 8.071200371263885 ], [ -76.749099732171857, 8.090900420777288 ], [ -76.758399964210014, 8.090299605848754 ], [ -76.760696410435827, 8.0915002814552 ], [ -76.760696411341797, 8.105999945872648 ], [ -76.759002685153092, 8.127900123898417 ], [ -76.755500793097809, 8.149299621014864 ], [ -76.754898070558625, 8.167200088613612 ], [ -76.762397766910681, 8.193200111196189 ], [ -76.774002074405971, 8.225600243066868 ], [ -76.777999877630151, 8.256199837270453 ], [ -76.783798218297918, 8.278800011352208 ], [ -76.789596558385384, 8.294400215395825 ], [ -76.789001465437423, 8.308199882840229 ], [ -76.777496338313711, 8.319199562617626 ], [ -76.77059936591165, 8.333000182796907 ], [ -76.769996642722703, 8.341099738463264 ], [ -76.769996642453194, 8.349200249442239 ], [ -76.769500732352867, 8.363599777565362 ], [ -76.769996643657805, 8.366499900782713 ], [ -76.772903441652034, 8.37629985800378 ], [ -76.783302306742939, 8.394900321857216 ], [ -76.798301696605307, 8.43360042608799 ], [ -76.805198670224968, 8.445799828091676 ], [ -76.81680297888397, 8.458000182687007 ], [ -76.826599120499523, 8.48750019030726 ], [ -76.842796325788342, 8.508299827604025 ], [ -76.863502502897788, 8.52229976724977 ], [ -76.882499694283609, 8.532799720723823 ], [ -76.900398254355608, 8.540300368881196 ], [ -76.92579650837574, 8.55080032309929 ], [ -76.938499449953909, 8.547400473730557 ], [ -76.937301635971011, 8.541600227717669 ], [ -76.936203003028723, 8.538200378557121 ], [ -76.947700500663515, 8.538800239588721 ], [ -76.952301025234846, 8.549799918851667 ], [ -76.948303222500869, 8.56420040205635 ], [ -76.940200805331543, 8.578000069358527 ], [ -76.921798706039567, 8.591300010820568 ], [ -76.907402038897473, 8.606200218675275 ], [ -76.907997131861947, 8.615500450898921 ], [ -76.889503478818824, 8.632100105098827 ], [ -76.874496459871978, 8.638400077498941 ], [ -76.850303649148856, 8.640600205035936 ], [ -76.83480071944507, 8.644000053422907 ], [ -76.809402465884844, 8.651399612147731 ], [ -76.788696288993577, 8.654800414494019 ], [ -76.763900756285523, 8.662799835167256 ], [ -76.741996764325961, 8.667300223853394 ], [ -76.721801758048287, 8.673000336548464 ], [ -76.6986999504294, 8.681599616314449 ], [ -76.690101623396231, 8.690799712619958 ], [ -76.684303284548051, 8.70170021107692 ], [ -76.676902770887949, 8.712100028195223 ], [ -76.667602538644587, 8.724200249015505 ], [ -76.645202637204321, 8.741999625632287 ], [ -76.620399475752393, 8.749400139034933 ], [ -76.616302490054096, 8.751700400535135 ], [ -76.613502502536875, 8.752300262477354 ], [ -76.601898193459604, 8.764900206919709 ], [ -76.597297667607933, 8.765500068854935 ], [ -76.586997986489621, 8.77350044261693 ], [ -76.581199645800041, 8.776399613269517 ], [ -76.570800781799107, 8.784999847059916 ], [ -76.560997009963685, 8.793100357890815 ], [ -76.538597106591922, 8.803899765155952 ], [ -76.521301270356759, 8.81200027443049 ], [ -76.497100830747968, 8.823399543477313 ], [ -76.491897582219195, 8.830300330917199 ], [ -76.47339630063091, 8.848699570524783 ], [ -76.458503723748507, 8.867199898384762 ], [ -76.458503722778772, 8.874099732066794 ], [ -76.469398498540883, 8.883899687929963 ], [ -76.464202881171957, 8.886199951205292 ], [ -76.451599121552675, 8.887299537655714 ], [ -76.441802978110843, 8.876299858711276 ], [ -76.437103271555472, 8.86820030149461 ], [ -76.421600341275422, 8.857199668091789 ], [ -76.415199279672194, 8.850799561377116 ], [ -76.404800414913211, 8.842100143581789 ], [ -76.399101256613434, 8.833399772625329 ], [ -76.397300720427381, 8.825300215968038 ], [ -76.394401549714956, 8.813199997226281 ], [ -76.391601562226555, 8.796999931796899 ], [ -76.389801024746106, 8.791199683508548 ], [ -76.387496948168689, 8.77910041825332 ], [ -76.383499145142466, 8.76749992444994 ], [ -76.381202698421632, 8.753600120506333 ], [ -76.37999725337302, 8.740300177985311 ], [ -76.377098082924789, 8.729299545288535 ], [ -76.374198913096876, 8.71030044502808 ], [ -76.364997863527194, 8.695199966871462 ], [ -76.359802245567948, 8.681300163755102 ], [ -76.349403382000688, 8.652999878714812 ], [ -76.337303162425499, 8.638500212981464 ], [ -76.333801269161341, 8.635600090850646 ], [ -76.330398559756645, 8.633799553684369 ], [ -76.322303771406354, 8.625699997078787 ], [ -76.307296752200472, 8.619299889431787 ] ] ] } },
{ "type": "Feature", "properties": { "DPTO": "08", "NOMBRE_DPT": "ATLANTICO", "AREA": 3360765349.961, "PERIMETER": 240936.17199999999, "HECTARES": 336076.53499999997 }, "geometry": { "type": "Polygon", "coordinates": [ [ [ -74.870597839399707, 10.361200332569519 ], [ -74.876403808523818, 10.343299865912297 ], [ -74.881599426072455, 10.340999603370339 ], [ -74.886703491320546, 10.329500198465997 ], [ -74.895401001139717, 10.312700271692613 ], [ -74.912719726485733, 10.256701469421614 ], [ -74.951797485341331, 10.27429962167056 ], [ -74.957603454775764, 10.274900436283982 ], [ -74.958801269547322, 10.276599884086268 ], [ -74.965698242362791, 10.282400131405682 ], [ -74.980102538872529, 10.305000305151292 ], [ -74.988800048795284, 10.313099861339909 ], [ -74.995697021309411, 10.32470035565624 ], [ -75.008399963217784, 10.333999633917488 ], [ -75.023399352829728, 10.345100402703817 ], [ -75.03430175779863, 10.354900360105775 ], [ -75.041198730386583, 10.354399681142114 ], [ -75.046401977339457, 10.354399680921732 ], [ -75.056800842217385, 10.358499526824435 ], [ -75.061401367076982, 10.363100051819199 ], [ -75.071800231863065, 10.371199608009466 ], [ -75.076400756687335, 10.375900268690785 ], [ -75.083900451810223, 10.381099700927601 ], [ -75.093101501645776, 10.388099670305978 ], [ -75.100601196120351, 10.392700195486215 ], [ -75.105796814088393, 10.393899917435466 ], [ -75.114501953044112, 10.395700454530083 ], [ -75.120796203424362, 10.396900176841603 ], [ -75.124809265000721, 10.397626876905278 ], [ -75.133499145384931, 10.399200439269212 ], [ -75.144500732432576, 10.400400161917627 ], [ -75.150802612445887, 10.403300285465935 ], [ -75.154296874878355, 10.409700393809691 ], [ -75.159500121892847, 10.423600196779537 ], [ -75.169296264450679, 10.434000015404999 ], [ -75.185401916624926, 10.44340038306362 ], [ -75.189399719190519, 10.446299552920827 ], [ -75.194099426475802, 10.449199676378134 ], [ -75.2015991209867, 10.456100463807834 ], [ -75.207298278737099, 10.46129989610497 ], [ -75.219398498580318, 10.472399711771448 ], [ -75.226402282651634, 10.477000236406045 ], [ -75.236701965399462, 10.483400345014225 ], [ -75.251701354911944, 10.486399650571265 ], [ -75.261497497589531, 10.494500160122776 ], [ -75.26499938970332, 10.499699592593261 ], [ -75.268501281781269, 10.514200210566129 ], [ -75.26959991457737, 10.52799987789845 ], [ -75.271896362416513, 10.537899970895465 ], [ -75.276000976643772, 10.554100036461804 ], [ -75.280601501468169, 10.56970024110065 ], [ -75.280601501325094, 10.577799796949833 ], [ -75.280601501507405, 10.595950126538554 ], [ -75.280601501506538, 10.596199989477023 ], [ -75.274299621489206, 10.604900360140931 ], [ -75.269096374580045, 10.617600441064099 ], [ -75.267898559505738, 10.629099845843355 ], [ -75.266799926587865, 10.644700050508398 ], [ -75.265098571704385, 10.657400131368993 ], [ -75.26339721681012, 10.66660022755614 ], [ -75.25589752205083, 10.685700416604829 ], [ -75.251296997221758, 10.701800346280294 ], [ -75.250267028985462, 10.707001685965386 ], [ -75.249000549269454, 10.71339988708827 ], [ -75.249603271581066, 10.724900245671671 ], [ -75.252403259416795, 10.733599662677896 ], [ -75.25299835223143, 10.739399909900818 ], [ -75.251296996983072, 10.756099700881073 ], [ -75.257102966323714, 10.784399986167102 ], [ -75.248397826960925, 10.786700248791549 ], [ -75.236297607219385, 10.789600372418821 ], [ -75.225402832147296, 10.796400070380869 ], [ -75.21330261226197, 10.800399780448153 ], [ -75.212097168043698, 10.80790042860248 ], [ -75.204101562570074, 10.8120002745174 ], [ -75.189697265655795, 10.817700386084695 ], [ -75.171798705881969, 10.823900222830856 ], [ -75.159103393630673, 10.831999778846747 ], [ -75.14759826643575, 10.841799735929618 ], [ -75.116996765052676, 10.856100082248435 ], [ -75.100303649977349, 10.865200042889812 ], [ -75.084197997896439, 10.874999999978654 ], [ -75.073303222574751, 10.88300037378955 ], [ -75.06980133069753, 10.884699821376961 ], [ -75.064002990884333, 10.891099929985526 ], [ -75.056503295770838, 10.900300026056295 ], [ -75.049102783147859, 10.910699844246656 ], [ -75.035797119157579, 10.916399955861475 ], [ -75.023101806520785, 10.939399719133815 ], [ -75.013298034750065, 10.950900077703254 ], [ -75.001197814828956, 10.9624004365161 ], [ -74.990631103482883, 10.967923164239707 ], [ -74.978797912627897, 10.973899841106491 ], [ -74.97530364970585, 10.977899551525676 ], [ -74.974700927702244, 10.980799674855744 ], [ -74.967796325818355, 10.985400199845023 ], [ -74.957496642925477, 10.998100280815095 ], [ -74.941299438557422, 11.010100364666444 ], [ -74.933296203685643, 11.019300460971948 ], [ -74.918899536282225, 11.035499572901742 ], [ -74.905601501645094, 11.049300193716004 ], [ -74.89179992669763, 11.057299613838437 ], [ -74.876800537260991, 11.067000389091831 ], [ -74.865798950377055, 11.075699806336603 ], [ -74.858901977702189, 11.077899932860914 ], [ -74.852577209370935, 11.072692871188675 ], [ -74.847999572651091, 11.064000129801544 ], [ -74.843299865607605, 11.053600311307726 ], [ -74.839424133322012, 11.046132087766676 ], [ -74.836402893128735, 11.040300369100123 ], [ -74.828903198134611, 11.030500411881853 ], [ -74.821403503369169, 11.024100303484795 ], [ -74.809303283580576, 11.017700195432583 ], [ -74.80069732685736, 11.004899978715223 ], [ -74.791397094631421, 10.990400314388552 ], [ -74.774696350252157, 10.970199584970292 ], [ -74.774696350145589, 10.958600044181019 ], [ -74.774696350096846, 10.948800087024161 ], [ -74.774696350287726, 10.939000129811605 ], [ -74.775299072162326, 10.933799743714696 ], [ -74.774887085126835, 10.931578636305359 ], [ -74.774101257141609, 10.927399635363884 ], [ -74.772399902366629, 10.92280006395492 ], [ -74.766601562626931, 10.915800094721202 ], [ -74.763099670588545, 10.909500122253398 ], [ -74.756797790473897, 10.904199600090179 ], [ -74.750396728361366, 10.900199890058408 ], [ -74.74349975592331, 10.895500183081765 ], [ -74.73490142828318, 10.889100074660496 ], [ -74.731399536130084, 10.882800102389902 ], [ -74.732002258109887, 10.876999855109469 ], [ -74.738899230900557, 10.871800422596557 ], [ -74.741203307993885, 10.866600036706906 ], [ -74.743499756040364, 10.859100341979842 ], [ -74.743499755656941, 10.850999832294947 ], [ -74.741798400706386, 10.841799736171261 ], [ -74.746398925926371, 10.827899932803508 ], [ -74.747497558793668, 10.82219982136114 ], [ -74.748100280813219, 10.811200141817588 ], [ -74.748100280647833, 10.800200462384359 ], [ -74.750396728529267, 10.789299964922142 ], [ -74.750396728560531, 10.779399871818544 ], [ -74.748596191496219, 10.771300315800142 ], [ -74.749198913511279, 10.765000343425083 ], [ -74.746902465908747, 10.758099556059799 ], [ -74.744003295691343, 10.750499725268384 ], [ -74.747497558554443, 10.744799613790519 ], [ -74.744003295997445, 10.736700058031888 ], [ -74.744003295934235, 10.729700088377573 ], [ -74.739997863704744, 10.71529960623182 ], [ -74.74340057353875, 10.710700035047434 ], [ -74.752601623525493, 10.642000198402757 ], [ -74.75379943862184, 10.632699966632224 ], [ -74.754302978715998, 10.621800422682142 ], [ -74.753196716359383, 10.613699913125291 ], [ -74.747398376354141, 10.599200248650213 ], [ -74.744499206466216, 10.591699600373198 ], [ -74.740997314658912, 10.585300445425931 ], [ -74.742797851360507, 10.57900047293721 ], [ -74.742797851401235, 10.573200226006957 ], [ -74.743301391776669, 10.562800407340342 ], [ -74.746803283611868, 10.548999786391931 ], [ -74.760597229155877, 10.535699844419359 ], [ -74.774398803828177, 10.521900176916708 ], [ -74.795799255407132, 10.500599861183792 ], [ -74.813003540143697, 10.476400375188399 ], [ -74.818801879810565, 10.463800430383536 ], [ -74.827400207573618, 10.453399658292977 ], [ -74.828987121640537, 10.449341773960102 ], [ -74.829200744832661, 10.44880008708121 ], [ -74.829200744437173, 10.441300391951469 ], [ -74.833198547413048, 10.425700187517823 ], [ -74.838401794570629, 10.41530036939435 ], [ -74.840698242297748, 10.405500412170355 ], [ -74.850997924984568, 10.393400192442886 ], [ -74.85679626445507, 10.381299972505744 ], [ -74.860618591229994, 10.375731468398682 ], [ -74.870597839399707, 10.361200332569519 ] ] ] } },
{ "type": "Feature", "properties": { "DPTO": "11", "NOMBRE_DPT": "SANTAFE DE BOGOTA D.C", "AREA": 1650947779.1340001, "PERIMETER": 323322.53999999998, "HECTARES": 165094.77799999999 }, "geometry": { "type": "Polygon", "coordinates": [ [ [ -74.022903442382812, 4.795100212097175 ], [ -74.026397705078125, 4.783599853515631 ], [ -74.030403137207031, 4.777200222015386 ], [ -74.030998229980455, 4.761600017547613 ], [ -74.026901245117188, 4.74889993667603 ], [ -74.026397705078125, 4.738500118255618 ], [ -74.024002075195312, 4.709000110626222 ], [ -74.028602600097656, 4.690599918365482 ], [ -74.032699584960938, 4.673299789428713 ], [ -74.025703430175767, 4.653600215911868 ], [ -74.032600402832031, 4.64610004425049 ], [ -74.043601989746094, 4.630599975585939 ], [ -74.034896850585938, 4.631700038909913 ], [ -74.033203125, 4.620699882507324 ], [ -74.031501770019531, 4.617199897766114 ], [ -74.015899658203125, 4.627600193023681 ], [ -74.010101318359375, 4.622900009155274 ], [ -74.012397766113281, 4.614299774169924 ], [ -74.0198974609375, 4.605000019073486 ], [ -74.025100708007812, 4.592400074005126 ], [ -74.026298522949219, 4.581999778747558 ], [ -74.026298522949219, 4.56409978866577 ], [ -74.025703430175767, 4.551400184631348 ], [ -74.029701232910156, 4.553100109100339 ], [ -74.033203125, 4.549099922180174 ], [ -74.034896850585938, 4.547299861907956 ], [ -74.037200927734375, 4.542200088500974 ], [ -74.043502807617188, 4.536399841308591 ], [ -74.0469970703125, 4.532400131225584 ], [ -74.048698425292969, 4.528299808502195 ], [ -74.049896240234375, 4.522600173950194 ], [ -74.052696228027344, 4.515699863433834 ], [ -74.054496765136719, 4.506400108337399 ], [ -74.056198120117188, 4.50010013580322 ], [ -74.056800842285156, 4.493700027465817 ], [ -74.063697814941406, 4.490900039672847 ], [ -74.075202941894531, 4.486299991607663 ], [ -74.075798034667969, 4.480500221252437 ], [ -74.076896667480469, 4.47709989547729 ], [ -74.077499389648438, 4.471300125122066 ], [ -74.086097717285156, 4.465000152587885 ], [ -74.093101501464844, 4.456299781799312 ], [ -74.102302551269531, 4.445400238037104 ], [ -74.110298156738281, 4.437900066375728 ], [ -74.117301940917955, 4.431600093841547 ], [ -74.121299743652344, 4.425799846649164 ], [ -74.126998901367188, 4.418300151824944 ], [ -74.1322021484375, 4.406799793243402 ], [ -74.135101318359375, 4.401100158691399 ], [ -74.135696411132812, 4.39699983596801 ], [ -74.135101318359375, 4.388299942016593 ], [ -74.133399963378906, 4.378499984741202 ], [ -74.125900268554688, 4.368100166320793 ], [ -74.121200561523438, 4.355899810791006 ], [ -74.121200561523438, 4.347300052642813 ], [ -74.127601623535156, 4.336900234222402 ], [ -74.128097534179688, 4.325399875640859 ], [ -74.131599426269531, 4.319600105285634 ], [ -74.131599426269531, 4.316100120544424 ], [ -74.131599426269531, 4.312699794769276 ], [ -74.131599426269531, 4.308599948883046 ], [ -74.135101318359375, 4.30459976196288 ], [ -74.136199951171875, 4.300600051879872 ], [ -74.137397766113267, 4.298799991607656 ], [ -74.140800476074219, 4.296500205993642 ], [ -74.143096923828125, 4.296000003814686 ], [ -74.146003723144531, 4.289000034332265 ], [ -74.150596618652344, 4.278699874877918 ], [ -74.151199340820312, 4.272299766540516 ], [ -74.15350341796875, 4.262499809265125 ], [ -74.15350341796875, 4.255599975585924 ], [ -74.152900695800781, 4.248600006103504 ], [ -74.151702880859375, 4.241099834442126 ], [ -74.151702880859375, 4.231900215148912 ], [ -74.151702880859375, 4.221499919891342 ], [ -74.150596618652344, 4.211699962615953 ], [ -74.149398803710938, 4.204699993133531 ], [ -74.147697448730469, 4.194300174713119 ], [ -74.14589691162108, 4.181600093841538 ], [ -74.14589691162108, 4.177000045776353 ], [ -74.149398803710938, 4.169499874114974 ], [ -74.152297973632812, 4.165500164031966 ], [ -74.157501220703125, 4.161399841308577 ], [ -74.167800903320298, 4.150499820709213 ], [ -74.173599243164062, 4.1482000350952 ], [ -74.178199768066406, 4.141900062561018 ], [ -74.182800292968736, 4.132100105285628 ], [ -74.186302185058594, 4.123400211334211 ], [ -74.186798095703125, 4.119400024414045 ], [ -74.186798095703125, 4.107299804687482 ], [ -74.188499450683594, 4.098000049591047 ], [ -74.188499450683594, 4.089399814605693 ], [ -74.193702697753906, 4.078400135040264 ], [ -74.196601867675781, 4.074399948120098 ], [ -74.197700500488281, 4.065700054168681 ], [ -74.202400207519517, 4.058199882507304 ], [ -74.207496643066406, 4.048399925231912 ], [ -74.209800720214844, 4.046100139617899 ], [ -74.211601257324219, 4.038000106811502 ], [ -74.213302612304688, 4.029399871826151 ], [ -74.216201782226562, 4.017899990081766 ], [ -74.219596862792969, 4.011499881744363 ], [ -74.219596862792969, 3.999399900436379 ], [ -74.229400634765625, 3.990799903869606 ], [ -74.238601684570312, 3.985599994659402 ], [ -74.241500854492188, 3.979300022125222 ], [ -74.251296997070312, 3.961400032043434 ], [ -74.259902954101562, 3.93889999389646 ], [ -74.276100158691406, 3.917000055313085 ], [ -74.286399841308594, 3.906100034713719 ], [ -74.302597045898438, 3.890599966049168 ], [ -74.317497253417969, 3.880199909210178 ], [ -74.327301025390625, 3.868099927902194 ], [ -74.325599670410156, 3.852499961853 ], [ -74.324996948242188, 3.838099956512422 ], [ -74.329597473144531, 3.820199966430634 ], [ -74.339996337890625, 3.805200099945039 ], [ -74.364799499511719, 3.778800010681122 ], [ -74.383796691894531, 3.763799905776946 ], [ -74.388999938964844, 3.754600048065154 ], [ -74.394096374511705, 3.74600005149838 ], [ -74.40570068359375, 3.738500118255584 ], [ -74.417198181152344, 3.726999998092618 ], [ -74.425796508789062, 3.711999893188443 ], [ -74.431602478027344, 3.690700054168667 ], [ -74.437896728515625, 3.675699949264492 ], [ -74.449996948242173, 3.664700031280483 ], [ -74.481101989746094, 3.655600070953334 ], [ -74.497802734375, 3.654599905014003 ], [ -74.510002136230469, 3.662100076675378 ], [ -74.516899108886719, 3.665600061416589 ], [ -74.500701904296875, 3.681699991226161 ], [ -74.497299194335938, 3.68919992446896 ], [ -74.486297607421875, 3.699599981307949 ], [ -74.480003356933594, 3.709300041198697 ], [ -74.477096557617188, 3.725500106811491 ], [ -74.470802307128892, 3.741699934005705 ], [ -74.462699890136719, 3.750900030136076 ], [ -74.444900512695312, 3.770400047302217 ], [ -74.435096740722656, 3.780800104141204 ], [ -74.421302795410156, 3.810199975967377 ], [ -74.406898498535142, 3.833800077438326 ], [ -74.392501831054688, 3.863199949264498 ], [ -74.3843994140625, 3.881700038909885 ], [ -74.380401611328125, 3.905299901962254 ], [ -74.379302978515625, 3.928999900817847 ], [ -74.382102966308594, 3.948699951171851 ], [ -74.386199951171861, 3.970599889755225 ], [ -74.3948974609375, 3.992599964141823 ], [ -74.401199340820312, 4.002999782562234 ], [ -74.401802062988281, 4.008800029754616 ], [ -74.404701232910156, 4.016900062561013 ], [ -74.411003112792969, 4.026800155639626 ], [ -74.414497375488281, 4.035399913787821 ], [ -74.411598205566406, 4.041800022125224 ], [ -74.405296325683594, 4.045800209045391 ], [ -74.400703430175781, 4.053299903869608 ], [ -74.396003723144531, 4.05900001525877 ], [ -74.391998291015625, 4.068299770355204 ], [ -74.38800048828125, 4.074600219726543 ], [ -74.383399963378906, 4.083199977874737 ], [ -74.370101928710938, 4.084300041198712 ], [ -74.356300354003906, 4.084899902343731 ], [ -74.348800659179688, 4.084799766540509 ], [ -74.342399597167969, 4.084199905395489 ], [ -74.330902099609375, 4.084199905395488 ], [ -74.314796447753906, 4.087600231170636 ], [ -74.306098937988281, 4.090400218963604 ], [ -74.300399780273438, 4.094999790191632 ], [ -74.293502807617173, 4.100800037384014 ], [ -74.279098510742188, 4.107100009918195 ], [ -74.275596618652344, 4.107100009918195 ], [ -74.268096923828125, 4.112199783325178 ], [ -74.266403198242188, 4.130700111389142 ], [ -74.260597229003906, 4.146800041198714 ], [ -74.254898071289062, 4.160699844360336 ], [ -74.252601623535142, 4.172200202941878 ], [ -74.255645751953125, 4.172487735748275 ], [ -74.252601623535142, 4.182000160217272 ], [ -74.248878479003892, 4.187283039093003 ], [ -74.246803283691406, 4.191800117492662 ], [ -74.245697021484375, 4.198200225830063 ], [ -74.245697021484375, 4.203400135040268 ], [ -74.241096496582031, 4.219500064849838 ], [ -74.239898681640625, 4.227000236511217 ], [ -74.241096496582031, 4.236899852752672 ], [ -74.24169921875, 4.250699996948229 ], [ -74.24169921875, 4.261700153350818 ], [ -74.239997863769531, 4.276100158691396 ], [ -74.239402770996094, 4.284200191497791 ], [ -74.237701416015625, 4.296899795532216 ], [ -74.237701416015625, 4.303299903869618 ], [ -74.23480224609375, 4.31309986114501 ], [ -74.228996276855455, 4.3228998184204 ], [ -74.224998474121094, 4.328100204467764 ], [ -74.223297119140625, 4.335599899291982 ], [ -74.221000671386719, 4.344799995422354 ], [ -74.22149658203125, 4.351699829101554 ], [ -74.227897644042955, 4.366799831390374 ], [ -74.230796813964844, 4.369699954986562 ], [ -74.235397338867188, 4.37430000305175 ], [ -74.237701416015625, 4.377799987792961 ], [ -74.239402770996094, 4.38189983367919 ], [ -74.236602783203125, 4.394000053405754 ], [ -74.230796813964844, 4.404300212860101 ], [ -74.222198486328125, 4.421599864959711 ], [ -74.21929931640625, 4.436600208282463 ], [ -74.207801818847642, 4.460899829864496 ], [ -74.202598571777344, 4.476399898529048 ], [ -74.197998046875, 4.496600151062006 ], [ -74.195701599121094, 4.514500141143795 ], [ -74.1968994140625, 4.535299777984616 ], [ -74.200897216796875, 4.547500133514402 ], [ -74.206703186035156, 4.561399936676025 ], [ -74.215896606445312, 4.580999851226807 ], [ -74.224601745605469, 4.587399959564209 ], [ -74.225700378417969, 4.597199916839599 ], [ -74.228599548339844, 4.612299919128419 ], [ -74.22979736328125, 4.626100063323976 ], [ -74.225700378417969, 4.628399848937989 ], [ -74.215400695800781, 4.635300159454347 ], [ -74.204399108886719, 4.638199806213379 ], [ -74.192901611328125, 4.643300056457521 ], [ -74.192901611328125, 4.655399799346927 ], [ -74.19580078125, 4.661799907684328 ], [ -74.19580078125, 4.671599864959719 ], [ -74.194099426269531, 4.67859983444214 ], [ -74.187698364257812, 4.686600208282472 ], [ -74.184799194335938, 4.686600208282472 ], [ -74.180198669433594, 4.690100193023685 ], [ -74.172203063964844, 4.694099903106692 ], [ -74.172203063964844, 4.698100090026859 ], [ -74.17449951171875, 4.706200122833256 ], [ -74.172203063964844, 4.708499908447269 ], [ -74.164100646972642, 4.716599941253665 ], [ -74.154899597167969, 4.721099853515629 ], [ -74.149696350097656, 4.735000133514408 ], [ -74.146797180175781, 4.740699768066412 ], [ -74.139297485351562, 4.759200096130377 ], [ -74.133003234863281, 4.771299839019782 ], [ -74.123199462890625, 4.77470016479493 ], [ -74.109397888183594, 4.78039979934693 ], [ -74.104202270507812, 4.787899971008308 ], [ -74.103599548339844, 4.801199913024909 ], [ -74.097900390625, 4.809899806976325 ], [ -74.096099853515625, 4.815000057220468 ], [ -74.083999633789062, 4.816199779510505 ], [ -74.07080078125, 4.81610012054444 ], [ -74.060401916503906, 4.813700199127205 ], [ -74.048896789550781, 4.810200214385993 ], [ -74.034500122070312, 4.799799919128424 ], [ -74.022903442382812, 4.795100212097175 ] ] ] } },
{ "type": "Feature", "properties": { "DPTO": "13", "NOMBRE_DPT": "BOLIVAR", "AREA": 26141894527.75, "PERIMETER": 1309427.9680000001, "HECTARES": 2614189.4530000002 }, "geometry": { "type": "Polygon", "coordinates": [ [ [ -75.15950012242125, 10.423600197450686 ], [ -75.15429687526246, 10.409700393855976 ], [ -75.150802612789064, 10.40330028519671 ], [ -75.144500731876619, 10.400400162254824 ], [ -75.133499144621325, 10.399200439453681 ], [ -75.124809265212491, 10.39762687675843 ], [ -75.120796202729522, 10.39690017666185 ], [ -75.11450195310114, 10.395700454344933 ], [ -75.10579681417947, 10.393899917576954 ], [ -75.100601195723598, 10.392700196163407 ], [ -75.093101500991338, 10.388099670418091 ], [ -75.083900451643117, 10.381099700300265 ], [ -75.076400756533573, 10.375900269102551 ], [ -75.071800232390274, 10.371199607599555 ], [ -75.061401367296853, 10.36310005187346 ], [ -75.056800843140465, 10.358499527290572 ], [ -75.046401977460121, 10.354399681956417 ], [ -75.041198730661392, 10.354399680448026 ], [ -75.034301758376131, 10.354900359904587 ], [ -75.023399352343205, 10.345100402776794 ], [ -75.00839996328682, 10.333999634265597 ], [ -74.995697022028537, 10.324700356272249 ], [ -74.988800049124848, 10.313099861062605 ], [ -74.980102538465147, 10.305000305475792 ], [ -74.96569824215976, 10.282400130754834 ], [ -74.958801269459741, 10.276599883702753 ], [ -74.957603455275304, 10.274900436806215 ], [ -74.951797485002771, 10.274299620752572 ], [ -74.912719725951902, 10.256701469875278 ], [ -74.918159485734961, 10.243124962492248 ], [ -74.927597045902274, 10.214099884595937 ], [ -74.935096740037991, 10.203200340043372 ], [ -74.939697264692995, 10.186400413991347 ], [ -74.940803527642942, 10.174300194571314 ], [ -74.942596434998691, 10.159299849638046 ], [ -74.950355529761836, 10.143113137043347 ], [ -74.950012207330204, 10.130651473287449 ], [ -74.948211670583547, 10.11965084105222 ], [ -74.93551635697338, 10.110350609611615 ], [ -74.920013427371714, 10.105051041078168 ], [ -74.895217896184263, 10.107851029361184 ], [ -74.874412537571558, 10.105450629467359 ], [ -74.861213683132704, 10.099051475522092 ], [ -74.840415953696052, 10.082250594837666 ], [ -74.828025817825207, 10.060609817603854 ], [ -74.822654724418868, 10.052123070018592 ], [ -74.816909790764726, 10.040806770703684 ], [ -74.812011718193887, 10.035739899488462 ], [ -74.80542755058039, 10.029321669821805 ], [ -74.796302794703337, 10.023748397613018 ], [ -74.796302795336516, 10.023462294923339 ], [ -74.796302796005136, 9.998076438427516 ], [ -74.815223694298183, 9.977639197716329 ], [ -74.828735351672506, 9.969870567814194 ], [ -74.839378357619154, 9.962269783029273 ], [ -74.856430054309669, 9.957371711723628 ], [ -74.865219116861525, 9.948420524377553 ], [ -74.87329864477509, 9.934300422144064 ], [ -74.877296446861436, 9.930899619846402 ], [ -74.885398865481562, 9.922200203047026 ], [ -74.888801573791682, 9.912400245227689 ], [ -74.891700744431347, 9.90670013439061 ], [ -74.889999389341583, 9.897399902672543 ], [ -74.884803772037941, 9.884699821038838 ], [ -74.881896973386162, 9.873700141806271 ], [ -74.877197266393097, 9.859199524365458 ], [ -74.866897583369976, 9.851099968381696 ], [ -74.857101439754075, 9.840100287495632 ], [ -74.8529968267095, 9.826199532354899 ], [ -74.85240173348447, 9.815799712406992 ], [ -74.852996826973708, 9.812299727990951 ], [ -74.843803405487904, 9.804800033544318 ], [ -74.843803405895372, 9.798999787251818 ], [ -74.8396987922373, 9.788000106956495 ], [ -74.833396911633997, 9.78170013375053 ], [ -74.828796386959539, 9.77239990191511 ], [ -74.822998047324845, 9.761400221973213 ], [ -74.824203490372767, 9.752200127428914 ], [ -74.824699402566822, 9.741800308273456 ], [ -74.831596374503107, 9.726200103407066 ], [ -74.840797424203231, 9.712400436283572 ], [ -74.845497130835483, 9.705499649590205 ], [ -74.846603392664264, 9.690999984408124 ], [ -74.840797424493161, 9.679400443274107 ], [ -74.832199096694509, 9.666099548815307 ], [ -74.826400756730962, 9.66030025564144 ], [ -74.818901061214106, 9.652199745599026 ], [ -74.81079864481157, 9.637700081461139 ], [ -74.796401977424779, 9.621500015921377 ], [ -74.787803649912732, 9.611599922283986 ], [ -74.777397155249332, 9.600600241936451 ], [ -74.781402587467355, 9.58559989897106 ], [ -74.784301758436513, 9.583900451561636 ], [ -74.789497374891951, 9.569499970192465 ], [ -74.796997070421199, 9.559700011793892 ], [ -74.808502197170341, 9.552200317257 ], [ -74.810798644775275, 9.541799545830887 ], [ -74.806701661091367, 9.52740001678152 ], [ -74.80960083003886, 9.516400338060086 ], [ -74.808502196965918, 9.514100073904286 ], [ -74.809600829164296, 9.507200241692249 ], [ -74.81020355303842, 9.493900299313514 ], [ -74.81300354076356, 9.475399970217563 ], [ -74.815902709902559, 9.463899612618505 ], [ -74.815902709530533, 9.450599670396514 ], [ -74.81420135453925, 9.441399574182929 ], [ -74.811897276886754, 9.433799743657007 ], [ -74.808998108530815, 9.428600311603793 ], [ -74.794601441295072, 9.428000450316476 ], [ -74.782501219952607, 9.423899650323346 ], [ -74.772102356003842, 9.416299820190853 ], [ -74.765701294648153, 9.409999847690552 ], [ -74.752304077983908, 9.410614967471528 ], [ -74.686798096239102, 9.402700424873871 ], [ -74.679801941169387, 9.397500037414122 ], [ -74.668296813632878, 9.376600264923425 ], [ -74.663772583150632, 9.37518215243227 ], [ -74.649803161284737, 9.370800018751634 ], [ -74.639999390251845, 9.36209964721 ], [ -74.637702941285639, 9.351699829034759 ], [ -74.633697508954626, 9.333200455406647 ], [ -74.62390136656407, 9.317500115210979 ], [ -74.601402283507483, 9.303600312116082 ], [ -74.573699952044947, 9.28209972432173 ], [ -74.559303283351525, 9.265800476030039 ], [ -74.540802001421966, 9.245499610255893 ], [ -74.536201477610291, 9.230500220863012 ], [ -74.533897400191933, 9.223600388041421 ], [ -74.515998839627315, 9.222299575605344 ], [ -74.506797789804594, 9.226300239167328 ], [ -74.495300293309, 9.234399794791035 ], [ -74.483200073737535, 9.238400459354475 ], [ -74.460700988303458, 9.243499755546825 ], [ -74.451499938654891, 9.235400200775471 ], [ -74.445098876798426, 9.227199554294748 ], [ -74.431900023789254, 9.212699889208469 ], [ -74.431900024747179, 9.205800056747993 ], [ -74.432403565346846, 9.197699547573125 ], [ -74.424896241076482, 9.191900252716122 ], [ -74.412200928187559, 9.196499824563681 ], [ -74.408203125402039, 9.198800087271499 ], [ -74.392097473342645, 9.2027997963677 ], [ -74.380500794116401, 9.20619964618572 ], [ -74.363800048088265, 9.208999633736061 ], [ -74.354598999023096, 9.20429992747151 ], [ -74.344802855890421, 9.198499678722133 ], [ -74.325202942323145, 9.190299987795743 ], [ -74.32119751032667, 9.187999726136248 ], [ -74.311897277418851, 9.181599616817913 ], [ -74.308998107417381, 9.173000336471778 ], [ -74.310798644941229, 9.163700103814 ], [ -74.317100524901804, 9.159700392737573 ], [ -74.326896667205432, 9.154000282069099 ], [ -74.322898865453737, 9.147000313726959 ], [ -74.319396973134459, 9.147600174239818 ], [ -74.302101136073603, 9.151000022875841 ], [ -74.279602051224202, 9.148599624039957 ], [ -74.26349639934331, 9.139800071024991 ], [ -74.254302978172305, 9.128199576622835 ], [ -74.21269988976384, 9.087599753668121 ], [ -74.203498840238737, 9.073699951497588 ], [ -74.19950103669494, 9.06789970341282 ], [ -74.195999145301414, 9.059800147535308 ], [ -74.184997558351611, 9.051699638024592 ], [ -74.165397643969897, 9.043000221272338 ], [ -74.147598267501607, 9.032500267386752 ], [ -74.149299622463886, 9.023799896096683 ], [ -74.149299622041497, 9.014599799873658 ], [ -74.150398255204408, 9.009400368582629 ], [ -74.147003174284563, 9.008199691745856 ], [ -74.144699096692349, 9.008799553833322 ], [ -74.142402649718463, 9.007100104586989 ], [ -74.128501892561204, 9.005299568385515 ], [ -74.116401672755487, 9.006899833473637 ], [ -74.09510040336751, 9.001700400357427 ], [ -74.083000184020335, 9.003299712901637 ], [ -74.069702148219392, 9.020600319432255 ], [ -74.053001404649734, 9.018799780858053 ], [ -74.044403076125732, 9.00259971624331 ], [ -74.024200438861357, 8.996199607183298 ], [ -74.018402099579021, 8.989199637725733 ], [ -74.020103453638768, 8.97939968065452 ], [ -74.012084960100822, 8.977499961803511 ], [ -74.002799987440397, 8.975299834513269 ], [ -73.98549652060268, 8.978099823256487 ], [ -73.974601746160801, 8.978599548587933 ], [ -73.951499939429098, 8.969300270422293 ], [ -73.930801391812082, 8.969799994758002 ], [ -73.908897399424674, 8.970299720773589 ], [ -73.877197266277449, 8.956800459916114 ], [ -73.87999725397826, 8.945899962841079 ], [ -73.88459777779164, 8.922800063703844 ], [ -73.886398315880328, 8.905500412506743 ], [ -73.878303528446978, 8.879400253526402 ], [ -73.87129974392775, 8.85519981331778 ], [ -73.864997863728306, 8.839500427116905 ], [ -73.857498168380147, 8.823900222278034 ], [ -73.847702025849031, 8.815199851586213 ], [ -73.831001282268488, 8.794300080133924 ], [ -73.817703247795862, 8.778699874778292 ], [ -73.815399169385188, 8.756699562710796 ], [ -73.821098327951077, 8.733599662008732 ], [ -73.824600220148724, 8.722100256971514 ], [ -73.826301575612391, 8.702500344048966 ], [ -73.827400206579227, 8.685199737920918 ], [ -73.830299378334857, 8.67249965739467 ], [ -73.832603453726207, 8.665499687811021 ], [ -73.836097716701317, 8.654600142492395 ], [ -73.841201781975116, 8.640700340932854 ], [ -73.84349823055814, 8.617600441431556 ], [ -73.839920044477964, 8.612890244201598 ], [ -73.826797485552817, 8.59560012826203 ], [ -73.81870269739953, 8.57880020218354 ], [ -73.812400816968292, 8.566699981216315 ], [ -73.807197570478223, 8.551600456037045 ], [ -73.805999756757799, 8.530300140378275 ], [ -73.806602477681551, 8.510600089981416 ], [ -73.800796509404435, 8.489199639039878 ], [ -73.790397644644415, 8.474200249405525 ], [ -73.781799317045909, 8.459099770477364 ], [ -73.777099609183409, 8.441800118176189 ], [ -73.77480316191695, 8.440600395731373 ], [ -73.77189636263779, 8.42269992805376 ], [ -73.771896363104318, 8.38399982430694 ], [ -73.774253844453838, 8.373520851424766 ], [ -73.777099608803127, 8.360899925757881 ], [ -73.777702332454865, 8.340700149790436 ], [ -73.777099608500208, 8.318099976434929 ], [ -73.771301269882429, 8.293299675884322 ], [ -73.768997192730069, 8.281100273273989 ], [ -73.772399903180258, 8.267299651808134 ], [ -73.775901793580573, 8.256299971645083 ], [ -73.77300262476443, 8.23209953308363 ], [ -73.784500122987509, 8.218799591097133 ], [ -73.793701171496267, 8.200400351753666 ], [ -73.798896789806065, 8.185400008934835 ], [ -73.809303283844613, 8.176799774215285 ], [ -73.806999206192089, 8.168100357927159 ], [ -73.802299500041087, 8.155900000808003 ], [ -73.801803588777432, 8.14439964376561 ], [ -73.803497314091572, 8.133399964297809 ], [ -73.800598143692724, 8.130499839547987 ], [ -73.809196472327528, 8.126500129563516 ], [ -73.807601929489337, 8.118314743985728 ], [ -73.818977355214898, 8.120553970556385 ], [ -73.823097229027823, 8.113300323590728 ], [ -73.83519744935073, 8.098299979737416 ], [ -73.847801207899863, 8.088600158049228 ], [ -73.864601135420997, 8.078800201270205 ], [ -73.876701354070562, 8.069000245083112 ], [ -73.88410186774523, 8.06270027191985 ], [ -73.888198852965814, 8.057000160977742 ], [ -73.888702391674343, 8.049400329422417 ], [ -73.88870239269869, 8.03730010940828 ], [ -73.891601562258174, 8.028100014659843 ], [ -73.892799376670865, 8.013600349772604 ], [ -73.892799376848174, 7.997499943520392 ], [ -73.890403747076007, 7.976099968660607 ], [ -73.875999450210713, 7.95060014806629 ], [ -73.866203307568071, 7.922299861873563 ], [ -73.863899231121039, 7.908400057908351 ], [ -73.855201721464127, 7.885799883930848 ], [ -73.84829711834702, 7.864399909755979 ], [ -73.846496581689536, 7.837900162623209 ], [ -73.846496582900201, 7.819399832873901 ], [ -73.84079742486621, 7.796199797810278 ], [ -73.833801270231262, 7.772500038309334 ], [ -73.824600219726634, 7.760399817575032 ], [ -73.824600219542063, 7.743599891429838 ], [ -73.828598021536862, 7.725699902030255 ], [ -73.836700439720545, 7.716499806183293 ], [ -73.837196350490757, 7.693399906376972 ], [ -73.836700439538546, 7.680099964620785 ], [ -73.84130096514717, 7.669199943549621 ], [ -73.840698242917014, 7.65240001644328 ], [ -73.844100951810944, 7.618400097272161 ], [ -73.854499816533604, 7.599299907560155 ], [ -73.856796265474784, 7.592999935257478 ], [ -73.856796265333244, 7.581399917006002 ], [ -73.868896484718221, 7.55779981529772 ], [ -73.888397216706508, 7.521500110672324 ], [ -73.889854430770555, 7.518499375215407 ], [ -73.895401001140215, 7.507100105075895 ], [ -73.91439819348966, 7.488699913517372 ], [ -73.93399810792819, 7.470900059690408 ], [ -73.935699463607236, 7.459300040295704 ], [ -73.932891844869744, 7.438580990215028 ], [ -73.928199768847804, 7.428699969530987 ], [ -73.926399230261794, 7.393400192611232 ], [ -73.927001952331807, 7.38070011222265 ], [ -73.93849945116871, 7.344999790397423 ], [ -73.941902160834289, 7.313199997661366 ], [ -73.953498839427255, 7.297699928570219 ], [ -73.952903747581402, 7.286699771491558 ], [ -73.95860290558862, 7.275100231370542 ], [ -73.954002380693638, 7.263599872103584 ], [ -74.248397826885579, 6.985199928669323 ], [ -74.261703490431756, 6.985300063961311 ], [ -74.267997741189689, 6.986499786528454 ], [ -74.277198791013546, 6.984799862753824 ], [ -74.285301209108624, 6.983699799097201 ], [ -74.289901733861925, 6.986000060589662 ], [ -74.296531677602076, 6.986405849875417 ], [ -74.299697876559733, 6.986599922709995 ], [ -74.309501648116054, 6.984300135653733 ], [ -74.316398621483046, 6.979199886321637 ], [ -74.335502623965297, 6.98269987065446 ], [ -74.345298767335521, 6.987999916764097 ], [ -74.355102539837276, 6.997200012190625 ], [ -74.35849761996775, 6.997300148429921 ], [ -74.365402222336769, 6.997300147908039 ], [ -74.371803284157608, 7.000800133350067 ], [ -74.373497008937406, 7.006000041921618 ], [ -74.371803283034779, 7.021599768702143 ], [ -74.372398376981039, 7.042399883319332 ], [ -74.379302979361071, 7.056300163398567 ], [ -74.385696411468189, 7.073599814571169 ], [ -74.400100707512749, 7.093299865443588 ], [ -74.406402588427866, 7.11009979243003 ], [ -74.409301758142448, 7.127999782341723 ], [ -74.416297913367487, 7.145899772702517 ], [ -74.42720031661581, 7.170199870735856 ], [ -74.427803039453195, 7.186999798118276 ], [ -74.426101684881019, 7.192800044205997 ], [ -74.42320251518629, 7.208399772557185 ], [ -74.418601988851222, 7.237800121822539 ], [ -74.41993713470228, 7.245166778175581 ], [ -74.420898438208283, 7.250500202772389 ], [ -74.422698975202792, 7.261499881173054 ], [ -74.4220962519084, 7.264999867307846 ], [ -74.425003051017171, 7.282299995423879 ], [ -74.426696777193285, 7.299099921819089 ], [ -74.426200865813243, 7.310599804739691 ], [ -74.420997619402939, 7.321000099226662 ], [ -74.405403137618592, 7.329599858069654 ], [ -74.397300720187843, 7.336500167835178 ], [ -74.391601561822625, 7.341700076203225 ], [ -74.382400511926207, 7.353199958575283 ], [ -74.372001648420294, 7.359499930938744 ], [ -74.364501952473361, 7.370999813303779 ], [ -74.362800597815195, 7.383699893735147 ], [ -74.370300292345107, 7.398200035527822 ], [ -74.375503539262482, 7.407400130685165 ], [ -74.375503539343782, 7.419000149342308 ], [ -74.377799988566565, 7.434000015436301 ], [ -74.381301879506836, 7.445600032903585 ], [ -74.386497496853849, 7.462399959581322 ], [ -74.389396667887368, 7.471000194776285 ], [ -74.391700744122701, 7.469299792977425 ], [ -74.402000428086822, 7.460700034549406 ], [ -74.405502319413515, 7.453199863405524 ], [ -74.411796569697714, 7.444600105128744 ], [ -74.422203064479319, 7.4341998104989 ], [ -74.426200865887736, 7.423799990856365 ], [ -74.429100035952487, 7.414599896185858 ], [ -74.430801390930469, 7.405399799930852 ], [ -74.434303282931566, 7.390399933406773 ], [ -74.438301085562969, 7.377099990491477 ], [ -74.456199645631045, 7.361000060148323 ], [ -74.466499329455445, 7.35179996522308 ], [ -74.469398497628063, 7.344299793044419 ], [ -74.471099852643192, 7.330999851242517 ], [ -74.474601744903694, 7.32700014143171 ], [ -74.482101441379612, 7.324699878858449 ], [ -74.488998412806055, 7.324699879228056 ], [ -74.497100830129327, 7.3225002293778 ], [ -74.506896971829462, 7.317299843483538 ], [ -74.516098022362485, 7.319099903019938 ], [ -74.521301269189408, 7.326600074681832 ], [ -74.526496886419807, 7.333000182684274 ], [ -74.530502318555307, 7.345099925874066 ], [ -74.541496276436803, 7.357299803917589 ], [ -74.557601929247355, 7.370100021795009 ], [ -74.569702149084321, 7.372399806464612 ], [ -74.58070373627281, 7.385200024219117 ], [ -74.588203429696975, 7.393899917888231 ], [ -74.592201233660305, 7.400300026242469 ], [ -74.595703124412282, 7.40719985869928 ], [ -74.60089874227684, 7.41760015429383 ], [ -74.609497069733337, 7.421700000612816 ], [ -74.614097595926481, 7.428699970039061 ], [ -74.615898132754893, 7.454100131547084 ], [ -74.61129760751902, 7.468500137734567 ], [ -74.597999573379909, 7.494999884640937 ], [ -74.579597473944247, 7.540599823817333 ], [ -74.574401855985798, 7.564799785367526 ], [ -74.570396424056355, 7.578599930070888 ], [ -74.570999145230132, 7.603499889372449 ], [ -74.563499450628072, 7.615600108151828 ], [ -74.552597045177535, 7.624199868149036 ], [ -74.532997130402819, 7.634500026407046 ], [ -74.515098571096033, 7.648900032379406 ], [ -74.489799498741306, 7.67880010510548 ], [ -74.477096558338218, 7.697199822232541 ], [ -74.48059844914097, 7.709400177773514 ], [ -74.500801086219155, 7.727399826096518 ], [ -74.515197753128831, 7.741899967860072 ], [ -74.523803711635423, 7.766200065712597 ], [ -74.534202576141354, 7.796800136480798 ], [ -74.53479766812211, 7.818799972324932 ], [ -74.539497376351463, 7.856900215967323 ], [ -74.538299559856654, 7.886400222321853 ], [ -74.538902282251144, 7.904900074256219 ], [ -74.547599792187029, 7.919899939642414 ], [ -74.555160523227784, 7.927527904901494 ], [ -74.569503783883107, 7.941999911501584 ], [ -74.602897643934099, 7.976200104673723 ], [ -74.626602172059592, 7.995900154104056 ], [ -74.65080261276475, 8.018600464297251 ], [ -74.677299499115804, 8.048700331817049 ], [ -74.707901001820105, 8.07310009010391 ], [ -74.729202270885821, 8.096300125639218 ], [ -74.749397277301213, 8.116000174932898 ], [ -74.778800965212412, 8.139200211102843 ], [ -74.788101197016459, 8.151399612165859 ], [ -74.794998169877459, 8.161299704880099 ], [ -74.806503296246163, 8.167099952339958 ], [ -74.819801331389698, 8.17930030882305 ], [ -74.833938599497884, 8.185330390449149 ], [ -74.836502074737226, 8.194899558881687 ], [ -74.827903747087049, 8.196100235303605 ], [ -74.816902159910924, 8.197199821890356 ], [ -74.802497862864229, 8.203499793708351 ], [ -74.788101196799275, 8.214400291905692 ], [ -74.782897949830826, 8.225899695655409 ], [ -74.784698486369322, 8.239199638289685 ], [ -74.773101806324618, 8.249500274417596 ], [ -74.769096373564921, 8.254699707920771 ], [ -74.754096985416624, 8.258700370083291 ], [ -74.7511978147528, 8.26500034426032 ], [ -74.73339843752575, 8.276499748508963 ], [ -74.71260070813625, 8.287400245449383 ], [ -74.699996948009897, 8.287400246133641 ], [ -74.683799742950228, 8.283200264201335 ], [ -74.675697325881586, 8.280300139575157 ], [ -74.66419982986298, 8.29069995965836 ], [ -74.656097412618237, 8.29819965414158 ], [ -74.65149688654401, 8.308500289504432 ], [ -74.640602111721677, 8.313099860511315 ], [ -74.630798339978753, 8.314800261734625 ], [ -74.629096985446935, 8.330400467673368 ], [ -74.62280273386277, 8.367899895291442 ], [ -74.62100219778732, 8.370800017471714 ], [ -74.608901976935599, 8.367799758866457 ], [ -74.603698730086663, 8.362000465151144 ], [ -74.596801758234008, 8.362000465806382 ], [ -74.593399048217975, 8.362000464533105 ], [ -74.587600707712852, 8.362000465699881 ], [ -74.577796935521874, 8.370599747221336 ], [ -74.577796936728532, 8.37163352907381 ], [ -74.577796936029287, 8.380999566043222 ], [ -74.576698303548554, 8.390199661877462 ], [ -74.571998596816982, 8.398900031250434 ], [ -74.56739807092535, 8.409299850427161 ], [ -74.558799743073664, 8.417300225148189 ], [ -74.558799744113543, 8.432299613838255 ], [ -74.561096192058869, 8.449099540116446 ], [ -74.568603516133066, 8.465900421384754 ], [ -74.569198608289213, 8.473999976871173 ], [ -74.566902159692091, 8.484299660411626 ], [ -74.570899963512403, 8.49250030610493 ], [ -74.580200194405961, 8.500599860719541 ], [ -74.589401245135448, 8.511599539837993 ], [ -74.595802307808867, 8.526599883864078 ], [ -74.59400176940494, 8.542200089326576 ], [ -74.590599060990513, 8.551500320822335 ], [ -74.599800109705924, 8.565400124508875 ], [ -74.605003356456223, 8.574000358213713 ], [ -74.605003357576123, 8.587900161017249 ], [ -74.606796264603403, 8.611599921231143 ], [ -74.610801697437878, 8.628899573680725 ], [ -74.615997313620156, 8.645700453827649 ], [ -74.616600037104433, 8.66129970595512 ], [ -74.619499206610513, 8.67870044629975 ], [ -74.625801086250831, 8.701800346004397 ], [ -74.625297545701613, 8.718500137063216 ], [ -74.624099731499541, 8.724300384237811 ], [ -74.620101928493852, 8.72949981761449 ], [ -74.613700866799888, 8.730600356207935 ], [ -74.597000122645611, 8.736300467833654 ], [ -74.580299376597452, 8.754699706295401 ], [ -74.575103759616155, 8.770899772552756 ], [ -74.579200744826494, 8.787699699830746 ], [ -74.580299377887897, 8.789999961098491 ], [ -74.580902100314461, 8.811300278631164 ], [ -74.584396361675388, 8.824099541368545 ], [ -74.591300964117551, 8.840299606178025 ], [ -74.601699828847259, 8.861700058071165 ], [ -74.616096495739399, 8.876199723113361 ], [ -74.624801634859153, 8.89470005049904 ], [ -74.654800415657121, 8.935799598546263 ], [ -74.673797607003053, 8.965999602322256 ], [ -74.696296692174926, 8.987400054059039 ], [ -74.715896606085408, 8.999099732263961 ], [ -74.740097046208675, 9.012399672984209 ], [ -74.75689697194926, 9.014800071542123 ], [ -74.780502318841926, 9.019499779176204 ], [ -74.799499511504933, 9.028900145607933 ], [ -74.802398682007023, 9.032899856018677 ], [ -74.812202453707982, 9.043399809915712 ], [ -74.816299439348285, 9.052000045983943 ], [ -74.828399657997537, 9.060799599623357 ], [ -74.843399048399988, 9.071800232119044 ], [ -74.846801757088073, 9.089699745889583 ], [ -74.850303649868422, 9.101900101561794 ], [ -74.851997375574541, 9.103599548906782 ], [ -74.869300842358015, 9.120400429419981 ], [ -74.885498046150786, 9.148200035112888 ], [ -74.897003174159494, 9.167900084872318 ], [ -74.902198792350816, 9.173700332125385 ], [ -74.902198791601492, 9.182900429436049 ], [ -74.90630340625421, 9.193400383181755 ], [ -74.911270141650235, 9.201904296684527 ], [ -74.913780212240638, 9.201061249324752 ], [ -74.91721343924047, 9.212078094528309 ], [ -74.917800903756699, 9.219400405912303 ], [ -74.921302795408295, 9.232099533251889 ], [ -74.925300598174431, 9.244799614842433 ], [ -74.927101135927757, 9.267999648773872 ], [ -74.928199767611062, 9.282400131215903 ], [ -74.928199767851652, 9.299200057855009 ], [ -74.932296752563957, 9.330900192704824 ], [ -74.933403014661707, 9.347700119920205 ], [ -74.933998108714434, 9.377200127261816 ], [ -74.933502197633302, 9.398500443347357 ], [ -74.93000030515779, 9.409500122347163 ], [ -74.936401368058398, 9.416399955513745 ], [ -74.940399170361587, 9.42339992610793 ], [ -74.947898865594041, 9.429800034438184 ], [ -74.956596374566288, 9.432700157000072 ], [ -74.95939636194457, 9.435000419401556 ], [ -74.965797425048819, 9.44369983591433 ], [ -74.968696594611373, 9.455300330611683 ], [ -74.972702026743747, 9.463399886408757 ], [ -74.977302551966147, 9.473199844839797 ], [ -74.980796814692724, 9.48019981324552 ], [ -74.989997863468645, 9.492300032755622 ], [ -74.993499756795998, 9.50100040402261 ], [ -75.002098083089436, 9.5131998069843 ], [ -75.009307862065725, 9.519879341110038 ], [ -75.017097473374605, 9.527099609920581 ], [ -75.024101257992129, 9.534099579671327 ], [ -75.033302307622591, 9.542799948958287 ], [ -75.04309844948331, 9.548000336201884 ], [ -75.065597534949006, 9.556200027776207 ], [ -75.080001830503022, 9.560299873520195 ], [ -75.105400085346332, 9.566800117861801 ], [ -75.121498108128719, 9.573800087218991 ], [ -75.130203247066802, 9.582500457043878 ], [ -75.140502929072213, 9.594099997807898 ], [ -75.150901794107028, 9.603300093769457 ], [ -75.161300659073447, 9.610300064317226 ], [ -75.169998168830276, 9.622500420219721 ], [ -75.18779754641001, 9.645099639842559 ], [ -75.197097777446899, 9.657299995616384 ], [ -75.226997375871392, 9.668899536989372 ], [ -75.251800536338976, 9.675999640832416 ], [ -75.266799926245525, 9.675999641046035 ], [ -75.298500060457783, 9.677900314207555 ], [ -75.319900513482878, 9.678000450714348 ], [ -75.329101563073749, 9.676300049469557 ], [ -75.341796875130115, 9.672300338263318 ], [ -75.352699280312621, 9.668899536268523 ], [ -75.357299804379196, 9.667200088919238 ], [ -75.364196777146418, 9.664299964837198 ], [ -75.364196777165802, 9.65330028591605 ], [ -75.362503051060671, 9.637700080105445 ], [ -75.360801697345138, 9.628499984744254 ], [ -75.36940002370055, 9.619899750654302 ], [ -75.377502441400225, 9.618700028238877 ], [ -75.381500244036744, 9.62339973414425 ], [ -75.386703490572117, 9.630299567714474 ], [ -75.391296386320434, 9.651700020654488 ], [ -75.391899109060375, 9.666199683701091 ], [ -75.387901306345583, 9.68809986121898 ], [ -75.378097534940281, 9.701299667253473 ], [ -75.363700866077167, 9.71630001098152 ], [ -75.356201170979162, 9.7255001071767 ], [ -75.354499817808829, 9.741700171755785 ], [ -75.348197937340075, 9.75609970100499 ], [ -75.341201781401821, 9.76930046052118 ], [ -75.339500426905303, 9.785499573299546 ], [ -75.339500427358729, 9.819000244393306 ], [ -75.336097716526368, 9.838600158567235 ], [ -75.337799071507405, 9.853699683770801 ], [ -75.344802855491736, 9.864100456713599 ], [ -75.352798462034144, 9.865300178106182 ], [ -75.367797851888909, 9.867600440974163 ], [ -75.39720153795821, 9.872400282990121 ], [ -75.423698424923501, 9.880599976079349 ], [ -75.438201904565545, 9.887000083824386 ], [ -75.450302124064791, 9.884699820758305 ], [ -75.463500976565598, 9.879599571944086 ], [ -75.479103087453893, 9.878499983921477 ], [ -75.483100890638141, 9.884900092269874 ], [ -75.483100891687158, 9.895899772622958 ], [ -75.477897644897041, 9.908499717446743 ], [ -75.472801208041005, 9.92119979834327 ], [ -75.470497130557149, 9.934499739844926 ], [ -75.471603394178203, 9.947799681915511 ], [ -75.474502563204808, 9.962800026114756 ], [ -75.476799011642868, 9.971500396276154 ], [ -75.477401732560352, 9.984800338359479 ], [ -75.47859954755215, 9.994600296946807 ], [ -75.481498718744078, 10.00440025368448 ], [ -75.484901427855135, 10.013699530912822 ], [ -75.495903015869914, 10.019499778824116 ], [ -75.503898620152142, 10.024200439340504 ], [ -75.514900207892126, 10.032899857018807 ], [ -75.525901793885822, 10.041000366194469 ], [ -75.52639770440004, 10.049099923075472 ], [ -75.523597717679195, 10.063500403900992 ], [ -75.520698546478073, 10.078000069162144 ], [ -75.516700743863808, 10.089500427780159 ], [ -75.511497497976947, 10.102199555346985 ], [ -75.505699156969229, 10.111399650761818 ], [ -75.506896973254001, 10.11660003567482 ], [ -75.51319885230734, 10.120100021552929 ], [ -75.51779937775558, 10.117799759646678 ], [ -75.525901794752571, 10.117300033955489 ], [ -75.531097412292368, 10.113800049278199 ], [ -75.535697937387823, 10.108099937407708 ], [ -75.540901183243179, 10.101200104509184 ], [ -75.544296264027963, 10.097700119865216 ], [ -75.547203063087878, 10.091899871162846 ], [ -75.553001403728942, 10.086799621608245 ], [ -75.575500488939724, 10.084500312799163 ], [ -75.576599120204776, 10.086299895314902 ], [ -75.581802367565686, 10.089200020195484 ], [ -75.588699340060629, 10.093799591482989 ], [ -75.591598510484658, 10.096699714016607 ], [ -75.596801757427045, 10.119899750415399 ], [ -75.592201232310927, 10.118100167167931 ], [ -75.571403504156706, 10.112799644154165 ], [ -75.570297240697613, 10.114600181578714 ], [ -75.570899964157121, 10.121500015178194 ], [ -75.562202453462547, 10.133600235442175 ], [ -75.560501099325762, 10.142800331460279 ], [ -75.547798155815713, 10.146200180692205 ], [ -75.525901794120713, 10.147899628182273 ], [ -75.517898559210337, 10.154800415005589 ], [ -75.521301269845424, 10.156499863130366 ], [ -75.525901794029124, 10.162300109718453 ], [ -75.531097411422579, 10.167499542254152 ], [ -75.539802552094997, 10.179699897045863 ], [ -75.546096802056113, 10.193599701020096 ], [ -75.543800354196236, 10.209199905965015 ], [ -75.532302857142568, 10.224699973783817 ], [ -75.531196594815995, 10.234499932189314 ], [ -75.552497863810373, 10.22770023374305 ], [ -75.577796935997938, 10.21389961238922 ], [ -75.597999572205708, 10.197299956533632 ], [ -75.606101989023998, 10.188099860539969 ], [ -75.615898132174877, 10.175399781184067 ], [ -75.626197815877674, 10.166799544898593 ], [ -75.657897948745472, 10.149000167386781 ], [ -75.67929840150839, 10.134699822028836 ], [ -75.700599669924799, 10.123800277493039 ], [ -75.701698302873041, 10.136500358294642 ], [ -75.684997558594816, 10.146200180425948 ], [ -75.668899536664, 10.160599708929853 ], [ -75.63490295371156, 10.196900367959529 ], [ -75.620498656375545, 10.229100227962769 ], [ -75.614196776614079, 10.245300292236834 ], [ -75.606101990209297, 10.269499778206381 ], [ -75.604400635014841, 10.289099692515922 ], [ -75.589401245830658, 10.275199891017293 ], [ -75.576103211228755, 10.262999535061674 ], [ -75.562301635408957, 10.264100074724547 ], [ -75.543899536249526, 10.268099784967777 ], [ -75.534103393412394, 10.281900405976463 ], [ -75.52490234428322, 10.292900085859868 ], [ -75.523101805895323, 10.299200058119096 ], [ -75.524299620667648, 10.317099571579394 ], [ -75.525497436224882, 10.332099913935698 ], [ -75.527801514463448, 10.347700118180891 ], [ -75.531799316548444, 10.36159992300022 ], [ -75.542800902821227, 10.377799988451695 ], [ -75.551399231188611, 10.394100189604693 ], [ -75.564102173658526, 10.393500328266549 ], [ -75.57099914504326, 10.395899772166134 ], [ -75.569900512543398, 10.405099868764498 ], [ -75.56120300219402, 10.417799949864442 ], [ -75.549102783006944, 10.426400183896906 ], [ -75.537002563071624, 10.434399604926057 ], [ -75.527198790956689, 10.444800377477746 ], [ -75.51979827818927, 10.456899643090685 ], [ -75.515701293544865, 10.477100371454581 ], [ -75.514602661846496, 10.470100402617106 ], [ -75.510498047672471, 10.457400321354966 ], [ -75.507598876875292, 10.442999840554707 ], [ -75.507598876129407, 10.432000160625623 ], [ -75.501296997172545, 10.420399666322529 ], [ -75.497299194200707, 10.419199943595922 ], [ -75.492599487502034, 10.423299789632249 ], [ -75.487998962293787, 10.427900314335179 ], [ -75.487503052688965, 10.431300162926263 ], [ -75.485198975549849, 10.437100410812333 ], [ -75.486297608002943, 10.450400353292734 ], [ -75.490898132713568, 10.470600127522813 ], [ -75.489799499144738, 10.483300208855878 ], [ -75.49729919432302, 10.497799874036369 ], [ -75.501296996547197, 10.511699677362222 ], [ -75.501899719386074, 10.517999649935154 ], [ -75.503700255432008, 10.527299880387606 ], [ -75.507698058388073, 10.533100128761159 ], [ -75.512298584843208, 10.54119968387163 ], [ -75.519203186636062, 10.549900055109624 ], [ -75.523902892840383, 10.557999610055111 ], [ -75.52269744789406, 10.561400413595853 ], [ -75.514602660561565, 10.563699722380967 ], [ -75.501998901782812, 10.571200370290287 ], [ -75.488700867232396, 10.575200080406031 ], [ -75.475997925070388, 10.579700470915352 ], [ -75.466201781903109, 10.584300041255336 ], [ -75.46620178147711, 10.597599983481606 ], [ -75.466201782998553, 10.607399940430351 ], [ -75.465698241700395, 10.613800048825469 ], [ -75.461601256896188, 10.618900298232955 ], [ -75.445503234510696, 10.628100394545081 ], [ -75.43859863224985, 10.629799842919564 ], [ -75.426498412619566, 10.64480018584317 ], [ -75.420700073276578, 10.652899743064941 ], [ -75.406898498471364, 10.665499687077237 ], [ -75.386100769299574, 10.675200462187581 ], [ -75.373497009771199, 10.683300018473592 ], [ -75.355598450045022, 10.686100005306358 ], [ -75.335403442513254, 10.691200257081942 ], [ -75.330802916765165, 10.691800118221082 ], [ -75.320999145013033, 10.698699950296024 ], [ -75.319297790839684, 10.701000214098467 ], [ -75.313003540631527, 10.703200340838242 ], [ -75.299697875508286, 10.713000296929819 ], [ -75.293403625404039, 10.718199729532708 ], [ -75.288200378263483, 10.723400115603781 ], [ -75.283599853972646, 10.732000350891434 ], [ -75.279502867924947, 10.745300292526755 ], [ -75.279502869444585, 10.751000404359237 ], [ -75.281898499202299, 10.76319980595836 ], [ -75.28420257489384, 10.770099640810859 ], [ -75.278999329132617, 10.778200148931351 ], [ -75.269798279253578, 10.783900259973452 ], [ -75.257102966293402, 10.784399986267163 ], [ -75.251296996149264, 10.756099701672218 ], [ -75.25299835127403, 10.739399910558353 ], [ -75.25240325872133, 10.733599662636093 ], [ -75.249603271041522, 10.724900245934835 ], [ -75.249000549988182, 10.713399886497797 ], [ -75.250267028838294, 10.707001685272212 ], [ -75.251296996426248, 10.701800345617116 ], [ -75.255897522234321, 10.685700416979525 ], [ -75.263397216539673, 10.666600226477877 ], [ -75.265098571212746, 10.657400131725224 ], [ -75.266799927326957, 10.644700049676542 ], [ -75.267898560381568, 10.629099845336338 ], [ -75.269096374172719, 10.617600440932735 ], [ -75.274299621347154, 10.604900359828275 ], [ -75.280601500600653, 10.596199988576364 ], [ -75.28060150141242, 10.59595012718759 ], [ -75.280601500547576, 10.577799796298171 ], [ -75.280601501016719, 10.569700240670203 ], [ -75.276000975722837, 10.554100036762348 ], [ -75.271896361424993, 10.537899970157632 ], [ -75.269599913962296, 10.527999877028508 ], [ -75.268501282070929, 10.514200211248488 ], [ -75.264999389265014, 10.499699593101306 ], [ -75.261497497711218, 10.494500159658605 ], [ -75.251701354736724, 10.486399649638917 ], [ -75.236701964489598, 10.483400345115676 ], [ -75.226402283152837, 10.477000237219746 ], [ -75.219398498003386, 10.472399710757513 ], [ -75.207298279532424, 10.461299896165642 ], [ -75.201599121277511, 10.456100463675034 ], [ -75.194099426419427, 10.449199677235043 ], [ -75.189399719773064, 10.446299553142319 ], [ -75.185401917278682, 10.443400383346683 ], [ -75.16929626442284, 10.434000014648712 ], [ -75.15950012242125, 10.423600197450686 ] ] ] } },
{ "type": "Feature", "properties": { "DPTO": "15", "NOMBRE_DPT": "BOYACA", "AREA": 23352582463.938999, "PERIMETER": 1364539.9110000001, "HECTARES": 2335258.2459999998 }, "geometry": { "type": "Polygon", "coordinates": [ [ [ -72.212997437177492, 7.027500152342927 ], [ -72.206100463543521, 7.024600028495496 ], [ -72.203796386237826, 7.024600029389894 ], [ -72.200302124049614, 7.020599842066701 ], [ -72.197402954478065, 7.018199920058716 ], [ -72.191703796484603, 7.016499996230968 ], [ -72.185897827713376, 7.015299797595068 ], [ -72.17900085419808, 7.0152997967635 ], [ -72.173202513979831, 7.015200137885338 ], [ -72.168601989706019, 7.01749992410931 ], [ -72.160003661511382, 7.018700123207195 ], [ -72.150703430021238, 7.018000126277393 ], [ -72.143798828467553, 7.019199848305654 ], [ -72.138000488537344, 7.021999836459045 ], [ -72.134597778025864, 7.023700236782245 ], [ -72.130599975503671, 7.024899959619357 ], [ -72.124198914231272, 7.024300098035769 ], [ -72.117897033167466, 7.023099898752292 ], [ -72.114997863812476, 7.023099898999663 ], [ -72.111503600518702, 7.023099899242512 ], [ -72.108100890993384, 7.022500037697293 ], [ -72.101699828817928, 7.02069997771621 ], [ -72.090202331849795, 7.014900207198719 ], [ -72.087303161845242, 7.010799884907811 ], [ -72.082702636764338, 7.005000113903431 ], [ -72.071197509678115, 6.999800204889385 ], [ -72.066001892503238, 6.995200156779808 ], [ -72.054397583163905, 6.992199897991184 ], [ -72.033699035656113, 6.982900142745363 ], [ -72.015197753526252, 6.978199958839026 ], [ -72.012901306568466, 6.978199958752782 ], [ -72.001998901657899, 6.979300021678077 ], [ -71.988700866698991, 6.979800223712342 ], [ -72.003700255745414, 6.898399829745323 ], [ -72.015197753346186, 6.888700008670098 ], [ -72.020401000484199, 6.868999957981741 ], [ -72.02899932880598, 6.85459995326528 ], [ -72.034202576108811, 6.844299793016114 ], [ -72.037101746182586, 6.83039999023709 ], [ -72.044502258378927, 6.817699909776479 ], [ -72.047401427685358, 6.807300090963235 ], [ -72.048599242490539, 6.798099994801581 ], [ -72.054298400827818, 6.777900219317403 ], [ -72.055496215499218, 6.766399859743372 ], [ -72.063003539693042, 6.751399994379058 ], [ -72.065803527859984, 6.743299961628748 ], [ -72.072700500788116, 6.730599880445815 ], [ -72.077903747903648, 6.721399783579254 ], [ -72.084800719954359, 6.705800056545206 ], [ -72.091201781770764, 6.693699836548425 ], [ -72.098701476885623, 6.678800106541539 ], [ -72.100997924553894, 6.672399997825456 ], [ -72.108398436901936, 6.660299778553117 ], [ -72.119400024924261, 6.648200035452194 ], [ -72.127998351823734, 6.632699966237329 ], [ -72.133201599311718, 6.617099761790707 ], [ -72.140701293520635, 6.596899986832859 ], [ -72.145896911858728, 6.575600147831435 ], [ -72.147598266036439, 6.554200172324856 ], [ -72.151603698135034, 6.534599781224291 ], [ -72.154502868382139, 6.513800144125753 ], [ -72.156196594272274, 6.49700021693235 ], [ -72.160797119093999, 6.484399795735032 ], [ -72.165397644435444, 6.473400116631263 ], [ -72.176902771241586, 6.46019983278309 ], [ -72.191902161087597, 6.444600105375568 ], [ -72.202903747218016, 6.436600208442878 ], [ -72.221298217263879, 6.421100139666709 ], [ -72.231101989551263, 6.413000107459692 ], [ -72.2437973029093, 6.412499904464081 ], [ -72.259902954166094, 6.41079998024649 ], [ -72.270301818212175, 6.410900115582722 ], [ -72.279502869252553, 6.410900116364793 ], [ -72.300300598792433, 6.417900085362305 ], [ -72.304901123191442, 6.420300007521117 ], [ -72.309501648500742, 6.421400070460183 ], [ -72.317001342626725, 6.415699958624006 ], [ -72.317001343186377, 6.405300140277571 ], [ -72.317001342742401, 6.393199920443901 ], [ -72.313499450432062, 6.38280010173228 ], [ -72.313499450722318, 6.366000175267507 ], [ -72.316642761116682, 6.353105545560314 ], [ -72.324996948664534, 6.344099998013096 ], [ -72.33190155045132, 6.342400074378675 ], [ -72.349197387358942, 6.33150005301967 ], [ -72.355598449808525, 6.329199790909449 ], [ -72.358398437779044, 6.328599929486793 ], [ -72.372299193803215, 6.318299770083289 ], [ -72.382598876661646, 6.306200027394118 ], [ -72.393600463669188, 6.295300006486105 ], [ -72.397598266454779, 6.28380012447179 ], [ -72.407997131480414, 6.270500183768839 ], [ -72.416000365991948, 6.256100178382742 ], [ -72.422386169312063, 6.243749141632782 ], [ -72.420600890656303, 6.239999770754296 ], [ -72.419502257893129, 6.226699828906524 ], [ -72.42120361273237, 6.21630001032072 ], [ -72.42060089140314, 6.203000068187595 ], [ -72.428100586508407, 6.19320011139757 ], [ -72.432701110288704, 6.182799816292718 ], [ -72.433898926323209, 6.169499873637528 ], [ -72.426399230666306, 6.155600070520689 ], [ -72.418899536348562, 6.140600204436365 ], [ -72.408996582232405, 6.112299919348117 ], [ -72.406097412285902, 6.102399826221165 ], [ -72.402702331285582, 6.093699931976708 ], [ -72.397499084871825, 6.089099884401847 ], [ -72.395797729232072, 6.08389997516488 ], [ -72.390602112189995, 6.07579994238633 ], [ -72.383598327104394, 6.070000171988505 ], [ -72.377296448161886, 6.068799972506633 ], [ -72.371002197760276, 6.068200111915546 ], [ -72.364601134952807, 6.068200111800751 ], [ -72.358901976880801, 6.063499928131299 ], [ -72.360000610857924, 6.054299831926182 ], [ -72.362899780926682, 6.049099921546426 ], [ -72.368103027428702, 6.042799949349576 ], [ -72.373802185642617, 6.031199932152992 ], [ -72.377296447650082, 6.022600173530548 ], [ -72.384803772612258, 6.003600120530669 ], [ -72.387100219667531, 5.990900039865699 ], [ -72.390502929376211, 5.98159980762867 ], [ -72.395698547256757, 5.962600231222731 ], [ -72.398597717327817, 5.94869995084179 ], [ -72.401397705548845, 5.93139982262369 ], [ -72.405998229571352, 5.912399768215014 ], [ -72.409500121640647, 5.89160013167294 ], [ -72.414100646622842, 5.884699821062362 ], [ -72.419898986224482, 5.875500202704274 ], [ -72.424499512097682, 5.871399879850264 ], [ -72.429702758453274, 5.872000216852817 ], [ -72.446403503590304, 5.867499827722382 ], [ -72.455596923328272, 5.855999947196331 ], [ -72.461898803967671, 5.84619998927812 ], [ -72.468299865204443, 5.838099956609238 ], [ -72.474601745974809, 5.833499908679685 ], [ -72.47519683841827, 5.828899860657786 ], [ -72.45500183044723, 5.816100120455343 ], [ -72.442298889566374, 5.816100121137632 ], [ -72.431297302897633, 5.813700199575553 ], [ -72.41870117196062, 5.806200027368789 ], [ -72.412902831819324, 5.801499843106163 ], [ -72.408897400495448, 5.800899982974363 ], [ -72.407096862533834, 5.799699783456282 ], [ -72.374801636273503, 5.785200118442979 ], [ -72.359298706683987, 5.776999950615292 ], [ -72.336799620940852, 5.763599872702011 ], [ -72.321800231311684, 5.748600005713062 ], [ -72.311401367320187, 5.731200217577559 ], [ -72.306800842227446, 5.718500137484622 ], [ -72.299896239827575, 5.706900120191619 ], [ -72.286598204989005, 5.694099903544502 ], [ -72.271003722858495, 5.676099777019923 ], [ -72.261802673396033, 5.669199943580379 ], [ -72.252784729374412, 5.660136699104325 ], [ -72.271598815733995, 5.648399830388303 ], [ -72.284301757729253, 5.641499995725196 ], [ -72.296401977448753, 5.632900238646672 ], [ -72.305603027139796, 5.623700142042593 ], [ -72.30670166023809, 5.611000061401787 ], [ -72.30789947523543, 5.589099883707722 ], [ -72.309600830430696, 5.569399833714757 ], [ -72.3152999874236, 5.549300194215521 ], [ -72.323997497489614, 5.532000065437191 ], [ -72.325698852409872, 5.515200138321481 ], [ -72.325103759291039, 5.507699966826179 ], [ -72.324501037791777, 5.497900009510036 ], [ -72.321098327155042, 5.48689985254474 ], [ -72.326797484755943, 5.471300125318411 ], [ -72.343498229813235, 5.465600013179659 ], [ -72.354499817421953, 5.465099811792506 ], [ -72.359703063644147, 5.47380018243549 ], [ -72.371803283554939, 5.481299877063281 ], [ -72.381599425894322, 5.489500045578122 ], [ -72.390800475912371, 5.498700141971305 ], [ -72.397697448766493, 5.510300159914397 ], [ -72.401199340477817, 5.5195999149719 ], [ -72.405799865493293, 5.52880001062596 ], [ -72.406997680994564, 5.538700103370654 ], [ -72.416198730550448, 5.542699814452336 ], [ -72.420799255748662, 5.542799949329043 ], [ -72.432899475198383, 5.537000179375691 ], [ -72.440399169983394, 5.53070020611623 ], [ -72.443901062443032, 5.522099971592612 ], [ -72.450798035116989, 5.510000228826406 ], [ -72.452499389191829, 5.501900195883417 ], [ -72.453598022157337, 5.49900007314078 ], [ -72.457099914581647, 5.494400024320625 ], [ -72.459999084336985, 5.492700099290266 ], [ -72.474998474234866, 5.480599879831151 ], [ -72.487098694335444, 5.477200030867533 ], [ -72.501502990283313, 5.464000224920604 ], [ -72.507202148007991, 5.451300143641157 ], [ -72.516998291449269, 5.436900138995486 ], [ -72.526199340348398, 5.425399779705277 ], [ -72.538299560769332, 5.412700176015043 ], [ -72.549301147592772, 5.402900218743959 ], [ -72.56600189214862, 5.389100074818808 ], [ -72.580398559393615, 5.382299899828539 ], [ -72.592498779790233, 5.378300190234343 ], [ -72.598297119515834, 5.370200157495521 ], [ -72.598800659771626, 5.363900184542541 ], [ -72.599403381734263, 5.361599922748678 ], [ -72.603401183879299, 5.354599952160903 ], [ -72.602897643705532, 5.351200103570223 ], [ -72.598800658718503, 5.351200103842255 ], [ -72.608001709057149, 5.339600086669253 ], [ -72.622497558753011, 5.333899975038578 ], [ -72.6362991329501, 5.328199863982872 ], [ -72.646697998701384, 5.327700137525098 ], [ -72.655296325904388, 5.325399876203034 ], [ -72.667999268195913, 5.317900181424818 ], [ -72.672599792221732, 5.305300236256873 ], [ -72.675498961938757, 5.29029989205424 ], [ -72.681800842443025, 5.282800198070601 ], [ -72.68640136711781, 5.280499934718155 ], [ -72.68990325870837, 5.27069997763849 ], [ -72.696197510210368, 5.252799988383577 ], [ -72.702499390067572, 5.243599892285414 ], [ -72.70939636212016, 5.236100196542615 ], [ -72.713500976804028, 5.235000134110861 ], [ -72.720397948902146, 5.248300074884401 ], [ -72.726196289081983, 5.254700184387289 ], [ -72.739402771584295, 5.276100158491247 ], [ -72.748703002849282, 5.272099971907116 ], [ -72.752700805442842, 5.278399944350012 ], [ -72.760200500105768, 5.291800022126908 ], [ -72.77169799833743, 5.303899765483255 ], [ -72.779800415007898, 5.315499783216789 ], [ -72.789596557664623, 5.322500229046355 ], [ -72.801200866929634, 5.330100059480614 ], [ -72.808700562162073, 5.339900016447867 ], [ -72.823600768964951, 5.342899798675801 ], [ -72.831703186518155, 5.341199874431733 ], [ -72.850700378510496, 5.328000068714486 ], [ -72.860496521549663, 5.321599960262605 ], [ -72.870300292764796, 5.311299801382797 ], [ -72.882400512658592, 5.289400100476902 ], [ -72.897399902519481, 5.279600143751731 ], [ -72.912902831853003, 5.259500026892823 ], [ -72.931999206282185, 5.242199897099216 ], [ -72.951499938621978, 5.226699828754097 ], [ -72.961303711465149, 5.221000194975803 ], [ -72.971702575432801, 5.210100174449991 ], [ -72.964797973329027, 5.205399989577898 ], [ -72.962501526392856, 5.199600219641851 ], [ -72.958999634350008, 5.195600033360343 ], [ -72.958999633839042, 5.188600063283076 ], [ -72.958396911380589, 5.181099891499406 ], [ -72.968200683151991, 5.162099838701237 ], [ -72.977401733125873, 5.140200137492371 ], [ -72.982002258867965, 5.127500056687041 ], [ -72.986099243456493, 5.114200115510444 ], [ -72.976303100918912, 5.102600098141994 ], [ -72.965301513625604, 5.090499878534298 ], [ -72.948600769407179, 5.071899890402496 ], [ -72.943397522115148, 5.068399906704435 ], [ -72.933601379119494, 5.062600135697294 ], [ -72.930099487256825, 5.055699825826941 ], [ -72.932998657041765, 5.044700145347109 ], [ -72.934700012241223, 5.037199973784478 ], [ -72.931297301893352, 5.023900031789982 ], [ -72.930099487648931, 5.021599769925118 ], [ -72.932998656804301, 5.015799999234972 ], [ -72.935523986740492, 5.014391898774401 ], [ -72.938201904510677, 5.012899875199264 ], [ -72.948501586859251, 5.001399993793749 ], [ -72.958297729836488, 4.995100021959749 ], [ -72.968696593617352, 4.987100124519378 ], [ -72.976799011155919, 4.981900215258861 ], [ -72.988296508502472, 4.973899841595894 ], [ -72.996398925492286, 4.971000194024408 ], [ -73.006202697899752, 4.965899943873108 ], [ -73.010200500053685, 4.96360015864623 ], [ -73.019401550827837, 4.961299896214129 ], [ -73.026901245664263, 4.958399772448641 ], [ -73.031501769584821, 4.957300186236425 ], [ -73.040199280184723, 4.954999923965627 ], [ -73.047096252425376, 4.952199936118583 ], [ -73.060897827026821, 4.920499801786261 ], [ -73.059196472507608, 4.908899783924678 ], [ -73.059700012713762, 4.885200023059372 ], [ -73.064300537026611, 4.863299847182025 ], [ -73.067802428772225, 4.848299980338657 ], [ -73.070701599779838, 4.837299824213244 ], [ -73.07640075666238, 4.825799942586955 ], [ -73.081596375012069, 4.810200214744079 ], [ -73.083297729328763, 4.804399966992447 ], [ -73.086799622173899, 4.798099994613487 ], [ -73.090202331655121, 4.790599823025928 ], [ -73.094802855934518, 4.780200005147486 ], [ -73.098899840704846, 4.778500079579663 ], [ -73.0867996213005, 4.766900062259661 ], [ -73.081001282371076, 4.741499901323775 ], [ -73.079803467128301, 4.7316999429692 ], [ -73.077499389465657, 4.721799850673547 ], [ -73.078102111383657, 4.718900203201938 ], [ -73.078102112113584, 4.714300155049144 ], [ -73.086097717605128, 4.717800140771483 ], [ -73.09880065943554, 4.712100028334845 ], [ -73.103996276393872, 4.705200194998443 ], [ -73.10690307651835, 4.696000098584405 ], [ -73.110900878895933, 4.684999942522608 ], [ -73.1144027704118, 4.676300049350463 ], [ -73.119003295240461, 4.668300151165753 ], [ -73.123596191373352, 4.658500193932197 ], [ -73.128799438503222, 4.649300098131899 ], [ -73.135696411207832, 4.647600174107161 ], [ -73.143203735477883, 4.648700236765938 ], [ -73.146102905186467, 4.65049982094187 ], [ -73.151199340366148, 4.650499821199232 ], [ -73.161003113044885, 4.650000095883054 ], [ -73.172599792415099, 4.644199848236634 ], [ -73.186401367385301, 4.642000198612244 ], [ -73.193298339355977, 4.642600059241616 ], [ -73.201400756284428, 4.646100044429221 ], [ -73.205772400422489, 4.647428989698149 ], [ -73.234298706533863, 4.656099796022935 ], [ -73.242301941401692, 4.661300181978449 ], [ -73.256202698062211, 4.665400028352226 ], [ -73.261398315908039, 4.673500061660156 ], [ -73.260803222525908, 4.681600094190455 ], [ -73.259597778038895, 4.695400238216092 ], [ -73.263099670958979, 4.707600116180882 ], [ -73.276901245108618, 4.71169996295648 ], [ -73.28209686274127, 4.710599899657617 ], [ -73.296501159627567, 4.709499836243971 ], [ -73.316101074826463, 4.708399772740976 ], [ -73.326499938569683, 4.708399772844459 ], [ -73.33460235657823, 4.710800170979151 ], [ -73.338096618019875, 4.717700004970316 ], [ -73.342697144005825, 4.729300021527199 ], [ -73.343803406000291, 4.736800193793297 ], [ -73.34670257617654, 4.743700026846238 ], [ -73.354797363838529, 4.754199981898072 ], [ -73.366302490174405, 4.761199951693943 ], [ -73.370399474719747, 4.763500213816699 ], [ -73.373802185160955, 4.764699936060628 ], [ -73.388801575249147, 4.771100044449732 ], [ -73.402099609323187, 4.778600215653774 ], [ -73.403800964022935, 4.781499862321883 ], [ -73.403198242046685, 4.787300110042835 ], [ -73.399200438917333, 4.807499885015785 ], [ -73.39980316139804, 4.819600105080724 ], [ -73.403297424463204, 4.827199936519779 ], [ -73.414802551192437, 4.832399845723246 ], [ -73.4131011964338, 4.840499877308288 ], [ -73.413101196190453, 4.845699787428137 ], [ -73.416000365934067, 4.85029983574745 ], [ -73.424598694255934, 4.856699943920125 ], [ -73.432701110405418, 4.860799789684867 ], [ -73.437301635250563, 4.86539983691172 ], [ -73.448196411342678, 4.871200084779424 ], [ -73.459800719973387, 4.87130022048509 ], [ -73.46549987727299, 4.870699883160311 ], [ -73.484001159721487, 4.87200021766064 ], [ -73.501899718704649, 4.873799800474632 ], [ -73.515701293287407, 4.873300076118194 ], [ -73.519699096117165, 4.8733000749498 ], [ -73.528999329040687, 4.872700214454952 ], [ -73.532402038266142, 4.872799874001092 ], [ -73.538200378319303, 4.872799872683061 ], [ -73.547996521446052, 4.871699809582057 ], [ -73.555999755218039, 4.877500057117095 ], [ -73.560699463495524, 4.879799842999918 ], [ -73.563003540067967, 4.882100105952058 ], [ -73.566398620595578, 4.886199951327532 ], [ -73.566368102924315, 4.890221119300428 ], [ -73.568702697276393, 4.892000198860152 ], [ -73.571601867059357, 4.897200107388714 ], [ -73.572799683243517, 4.904099940939384 ], [ -73.571601868246816, 4.909900188208524 ], [ -73.565902709424435, 4.923200130162843 ], [ -73.554901122661818, 4.945099830856062 ], [ -73.549201965227851, 4.954800129228931 ], [ -73.54109954817379, 4.964600085786027 ], [ -73.538803100430513, 4.972099781375585 ], [ -73.538200378593558, 4.975599766061269 ], [ -73.537101745812961, 4.979599952273009 ], [ -73.536499023713191, 4.9825000767368 ], [ -73.530700683458861, 4.989399909944775 ], [ -73.527900695835768, 5.000400065748834 ], [ -73.525596618601369, 5.008999825038082 ], [ -73.525001525446299, 5.015399933210603 ], [ -73.519203185409694, 5.021699905302386 ], [ -73.521003722711797, 5.034999847173284 ], [ -73.516403197586968, 5.046599865116461 ], [ -73.515197753873309, 5.051199912648771 ], [ -73.511802673923171, 5.060400008852223 ], [ -73.511199950666921, 5.073699950564625 ], [ -73.510101318147818, 5.092700004362824 ], [ -73.512901306666933, 5.098499774992658 ], [ -73.516998290703285, 5.111299990936594 ], [ -73.518592834233957, 5.113595009009622 ], [ -73.522201537544944, 5.11880016288401 ], [ -73.523902893661401, 5.127999783227773 ], [ -73.526199341325579, 5.138400077626879 ], [ -73.533096313259406, 5.152900219628674 ], [ -73.548698425756783, 5.171500205767446 ], [ -73.552200316844605, 5.192800045408898 ], [ -73.559097289517837, 5.199800014475092 ], [ -73.56030273488453, 5.221799851008809 ], [ -73.560897827266274, 5.235599995104772 ], [ -73.563796997711847, 5.251200199707549 ], [ -73.571296692486925, 5.265100002778042 ], [ -73.577003478907315, 5.26569986314235 ], [ -73.589698791128399, 5.266399859799775 ], [ -73.596603392890728, 5.268700122683901 ], [ -73.601196288846936, 5.283199787082268 ], [ -73.613403320166981, 5.301700114595685 ], [ -73.617996216198307, 5.30630016335179 ], [ -73.630699157153558, 5.322599887789036 ], [ -73.63240051228712, 5.324900149955518 ], [ -73.636398315726979, 5.330100060007851 ], [ -73.637001037332027, 5.334700107793022 ], [ -73.641601563093985, 5.343400001747629 ], [ -73.640502929250417, 5.356699943294649 ], [ -73.640502929866472, 5.361299991862102 ], [ -73.642196655150997, 5.365900039866666 ], [ -73.642196655762746, 5.37290000975871 ], [ -73.643402099210462, 5.381000042427544 ], [ -73.635902404180769, 5.3814997669171 ], [ -73.641700743969807, 5.38850021393923 ], [ -73.649696350686426, 5.396599769972918 ], [ -73.660697937679117, 5.405900001581141 ], [ -73.675697326133928, 5.413400172796979 ], [ -73.683799744296849, 5.422699927872898 ], [ -73.690696715795767, 5.435400009437908 ], [ -73.692398071418623, 5.441800117606086 ], [ -73.708000183310858, 5.449399947950399 ], [ -73.717201233353677, 5.449999809274368 ], [ -73.728202819885567, 5.452400206933423 ], [ -73.746597290086797, 5.460499763599533 ], [ -73.749496460387562, 5.460499763939722 ], [ -73.753501891492476, 5.46049976337039 ], [ -73.758102417286551, 5.462900162380159 ], [ -73.763298034123082, 5.46519994672417 ], [ -73.773696899581637, 5.464099883678368 ], [ -73.778297424289178, 5.467000007631522 ], [ -73.781196594094595, 5.468800068481892 ], [ -73.784698485872752, 5.471700191488373 ], [ -73.788696288504852, 5.475100039777256 ], [ -73.800201416383871, 5.475800038023138 ], [ -73.816398620263527, 5.484499931285491 ], [ -73.826438903961801, 5.487901688184762 ], [ -73.820999144881299, 5.496600150409922 ], [ -73.819297790382834, 5.502999782594897 ], [ -73.821601867411616, 5.515100002569244 ], [ -73.812896727993973, 5.53420019119176 ], [ -73.810096740499731, 5.546299934595438 ], [ -73.813003540528669, 5.56710004825685 ], [ -73.816398621072423, 5.5791997903868 ], [ -73.825103759545854, 5.57350015681252 ], [ -73.829696654908147, 5.571199893818061 ], [ -73.832603454199798, 5.571199893776548 ], [ -73.844703674799248, 5.564300060211338 ], [ -73.853302002607933, 5.556900024343776 ], [ -73.859100342350203, 5.55109977717541 ], [ -73.863700866781784, 5.546500205539973 ], [ -73.868301392259468, 5.539000034769106 ], [ -73.871696471624631, 5.53789997098032 ], [ -73.879203795818228, 5.530399799841912 ], [ -73.883796692160161, 5.525199890067934 ], [ -73.890197753346854, 5.520599841437114 ], [ -73.898803710734157, 5.516600131681414 ], [ -73.915496825756989, 5.511499881277548 ], [ -73.922996520616579, 5.501699923976393 ], [ -73.92530059856395, 5.500500202490217 ], [ -73.92939758313041, 5.487899779872635 ], [ -73.934501647729206, 5.478600024690579 ], [ -73.935699463214988, 5.470600128691953 ], [ -73.936798095939466, 5.466499805302734 ], [ -73.937400817473829, 5.464200019809717 ], [ -73.940902709797911, 5.454400061938204 ], [ -73.943199158154002, 5.452700138257421 ], [ -73.947799682550368, 5.451000213201205 ], [ -73.95590209993658, 5.445799827457617 ], [ -73.959899902930218, 5.434800148050859 ], [ -73.963302611774651, 5.426199913510678 ], [ -73.970802307006053, 5.417600155050484 ], [ -73.973701477181848, 5.406599998907453 ], [ -73.986999511878977, 5.400300025411091 ], [ -73.999099731636065, 5.39459991513699 ], [ -74.012901305486835, 5.390600203821012 ], [ -74.017501831638384, 5.3831000326251 ], [ -74.027900695919854, 5.368100166510069 ], [ -74.040351868213563, 5.354670525055051 ], [ -74.042800903306286, 5.358399868489661 ], [ -74.045196533778892, 5.358399867955214 ], [ -74.047996520974237, 5.355500221662054 ], [ -74.055000305395055, 5.353199958900071 ], [ -74.064201354342742, 5.356699943977328 ], [ -74.073402404625739, 5.366600036760511 ], [ -74.082099913906518, 5.380499840131415 ], [ -74.0964965816475, 5.382900238168283 ], [ -74.10399627651087, 5.386300087334987 ], [ -74.107398987473843, 5.392700195521938 ], [ -74.114898682227249, 5.401999949987617 ], [ -74.121902466152932, 5.414100169514705 ], [ -74.123596192028259, 5.416500092101301 ], [ -74.126502990665557, 5.425099849373256 ], [ -74.128196715682193, 5.429800033934072 ], [ -74.131103515708872, 5.434400081089179 ], [ -74.135101318695362, 5.439599990845702 ], [ -74.138603211005687, 5.443699836540378 ], [ -74.149497986437524, 5.443099976179129 ], [ -74.157600402537, 5.440899849570868 ], [ -74.169097899805479, 5.439199924287473 ], [ -74.179496764560412, 5.444399833751326 ], [ -74.195701598680955, 5.452000140614414 ], [ -74.201400756812362, 5.456099987306352 ], [ -74.204299926111887, 5.458399772223194 ], [ -74.208900452303126, 5.460700035105728 ], [ -74.215797424881472, 5.461299895666569 ], [ -74.218101501962806, 5.461299896245032 ], [ -74.221000671003196, 5.461400032322014 ], [ -74.230796814199351, 5.460800171535841 ], [ -74.238899230728492, 5.460800171434415 ], [ -74.243499755727441, 5.461400032050428 ], [ -74.249900817445464, 5.463799953921279 ], [ -74.262496948356443, 5.470200061157861 ], [ -74.280998230331562, 5.485300063873541 ], [ -74.291999816370961, 5.498000145374682 ], [ -74.292503356610226, 5.508999824433344 ], [ -74.295402526218794, 5.52580022846658 ], [ -74.305801391908844, 5.5432000159746 ], [ -74.312698364105486, 5.552400112427451 ], [ -74.319702147778784, 5.567500114649465 ], [ -74.328903198704822, 5.577899932273693 ], [ -74.338096618595998, 5.592999935716863 ], [ -74.341598510809419, 5.60160017013081 ], [ -74.346199035724069, 5.612100124685504 ], [ -74.345100403158455, 5.620699882918887 ], [ -74.339302063598126, 5.625899791624057 ], [ -74.331199646331314, 5.631599902674036 ], [ -74.320297240839707, 5.642600060110932 ], [ -74.314002991118173, 5.657000065211406 ], [ -74.305297851456217, 5.67080020950313 ], [ -74.305900573921917, 5.681200027950958 ], [ -74.312797546858022, 5.688700199301119 ], [ -74.324302673557767, 5.69460010568288 ], [ -74.321502685814721, 5.703800201943231 ], [ -74.319198608499619, 5.722799778179665 ], [ -74.319801330862035, 5.727499961183101 ], [ -74.32610321065178, 5.737899779620051 ], [ -74.329002380983681, 5.741399764522671 ], [ -74.329597473495483, 5.748899936989556 ], [ -74.331901549747727, 5.761000156115115 ], [ -74.336502075428456, 5.768000126211872 ], [ -74.334800720228415, 5.776599884683121 ], [ -74.33540344198201, 5.784699916382227 ], [ -74.341697692688086, 5.796899795737056 ], [ -74.346900939423364, 5.802100181840569 ], [ -74.347999573083371, 5.804999827988593 ], [ -74.354400635361046, 5.820600032271803 ], [ -74.368797302822372, 5.816100121081645 ], [ -74.373397826851203, 5.810900210768501 ], [ -74.380897521430654, 5.801700115740824 ], [ -74.387199401985228, 5.791900158114279 ], [ -74.39179992738147, 5.789000034880241 ], [ -74.402801513222812, 5.781499863240428 ], [ -74.407997131610969, 5.772900104866807 ], [ -74.416000366484738, 5.766600131388842 ], [ -74.432197570984641, 5.762000084186661 ], [ -74.439697266100353, 5.760900020554324 ], [ -74.444297790385107, 5.75750017162381 ], [ -74.450103759490972, 5.755199908954467 ], [ -74.459800719572826, 5.749400138441931 ], [ -74.468498230259243, 5.745399952105452 ], [ -74.474800109759428, 5.751200199423361 ], [ -74.483497620129185, 5.751800060639541 ], [ -74.492103576027262, 5.756499767108669 ], [ -74.496200562024995, 5.763999939286215 ], [ -74.499603271393838, 5.763500213380415 ], [ -74.512298584462513, 5.761799811967001 ], [ -74.519203185472819, 5.766399860139631 ], [ -74.527297973599175, 5.761799812434248 ], [ -74.541099548715522, 5.761899948563149 ], [ -74.54229736341523, 5.771699905816839 ], [ -74.556098938286851, 5.772399902310141 ], [ -74.560203552083181, 5.765999794677283 ], [ -74.564201355196005, 5.761400223242961 ], [ -74.569396972139444, 5.76090002104756 ], [ -74.57689666711542, 5.759699821621996 ], [ -74.583198547933918, 5.754000186658778 ], [ -74.586097716805554, 5.74760007893291 ], [ -74.59010314983901, 5.74480009106744 ], [ -74.594703673869944, 5.742499828258288 ], [ -74.607398986682213, 5.741399764987047 ], [ -74.616096496797709, 5.738500118472915 ], [ -74.630996703646261, 5.736899853287325 ], [ -74.640296935690785, 5.7427000997668 ], [ -74.648300171189476, 5.748499870599752 ], [ -74.656402588274602, 5.753099918837096 ], [ -74.666801453024021, 5.758399962789962 ], [ -74.674301147460326, 5.75839996277683 ], [ -74.674301146947229, 5.761899947824003 ], [ -74.674301147635461, 5.779200077217733 ], [ -74.673202514798817, 5.797100066970648 ], [ -74.66739654482042, 5.820199966362386 ], [ -74.663398742910346, 5.829400062203458 ], [ -74.664001464662135, 5.840400218351439 ], [ -74.662834166872926, 5.84284973117347 ], [ -74.659896849940992, 5.848999977514177 ], [ -74.660499572094977, 5.856599807984129 ], [ -74.651298522592569, 5.869200229639842 ], [ -74.643203735684608, 5.872099876406356 ], [ -74.635696410992097, 5.876699924631734 ], [ -74.623596191115737, 5.882400035574604 ], [ -74.609199524188114, 5.888700007977442 ], [ -74.608100890698893, 5.893899917763735 ], [ -74.617301940609607, 5.910699844285075 ], [ -74.621398925425126, 5.919899941004768 ], [ -74.625396728861077, 5.929800033596956 ], [ -74.625396728643338, 5.93839979206914 ], [ -74.625999450828573, 5.956900119594016 ], [ -74.618499755864065, 5.962100028998802 ], [ -74.611000061309099, 5.964900016565688 ], [ -74.601799011445905, 5.968400001840815 ], [ -74.590797424403831, 5.972899913299734 ], [ -74.587402343744529, 5.97989988272155 ], [ -74.587402343728044, 5.983300209206418 ], [ -74.589103698921079, 5.992599964134352 ], [ -74.593200683810082, 5.999499798099698 ], [ -74.602401733724946, 6.008200168081862 ], [ -74.605796813334209, 6.014599799450017 ], [ -74.604698180795154, 6.022099972428275 ], [ -74.601196289075517, 6.029600144027484 ], [ -74.598396301205938, 6.03249979036505 ], [ -74.594299316362935, 6.036499977172474 ], [ -74.591400146734642, 6.043399810795018 ], [ -74.587402343960392, 6.048600196733607 ], [ -74.589698791389083, 6.058400153479028 ], [ -74.593803406150855, 6.060200214284951 ], [ -74.601799011338798, 6.061399936433201 ], [ -74.607002258563568, 6.061999798442598 ], [ -74.611099242794467, 6.067200183559571 ], [ -74.613899230976799, 6.070700168135452 ], [ -74.624298095087582, 6.079400062799448 ], [ -74.63009643564682, 6.09270000475247 ], [ -74.629501342723245, 6.110000133122431 ], [ -74.622596741316499, 6.130799770651986 ], [ -74.613403320172225, 6.145199776202121 ], [ -74.608200073863244, 6.15789985645076 ], [ -74.608200072852085, 6.167699813342126 ], [ -74.604797363924135, 6.184400081211392 ], [ -74.601898193233623, 6.197700023646139 ], [ -74.592697143574199, 6.210899830062448 ], [ -74.585800170388509, 6.223000049976664 ], [ -74.578300475532728, 6.234600067526757 ], [ -74.575401305606263, 6.236299991326892 ], [ -74.566802978542114, 6.251299857448095 ], [ -74.56099700907447, 6.252999782157142 ], [ -74.555801391887073, 6.254700184514387 ], [ -74.551788330291387, 6.247377871995194 ], [ -74.550102233411351, 6.244299888461591 ], [ -74.545997619263673, 6.233799934032842 ], [ -74.537902832469115, 6.220499991761453 ], [ -74.527603149237322, 6.208899974756354 ], [ -74.514297485362164, 6.199600220020992 ], [ -74.505599975978186, 6.192100048441489 ], [ -74.504501342301694, 6.18340015461064 ], [ -74.505096435872233, 6.175300120743475 ], [ -74.504501343374983, 6.160900115436083 ], [ -74.495796203395898, 6.135399818644085 ], [ -74.489501952789823, 6.125599861161894 ], [ -74.485397339260544, 6.119800090578455 ], [ -74.481399536136223, 6.113399981792738 ], [ -74.481399536328794, 6.101299763326007 ], [ -74.481399536155223, 6.08970022153868 ], [ -74.479103088660779, 6.076399803057652 ], [ -74.476196289596118, 6.069499970093601 ], [ -74.464103699025799, 6.056700229154461 ], [ -74.455398558996336, 6.050399779677348 ], [ -74.441001892166213, 6.047399997096343 ], [ -74.430000305708774, 6.045599937912932 ], [ -74.424301146802705, 6.041600227007058 ], [ -74.420799254839324, 6.03170013413768 ], [ -74.414497375222965, 6.025899887033915 ], [ -74.398902893533048, 6.02299976283969 ], [ -74.389099120519745, 6.022399902917027 ], [ -74.366600036980046, 6.025700091827501 ], [ -74.351600647138724, 6.029699802941395 ], [ -74.342399596807383, 6.038899898445814 ], [ -74.336097717303076, 6.049300194044629 ], [ -74.321098327120382, 6.05789995143615 ], [ -74.305000305333138, 6.060699940335282 ], [ -74.292297362977024, 6.049699783547852 ], [ -74.290496826121924, 6.039299964579118 ], [ -74.290496826700902, 6.024199963216981 ], [ -74.290496826416941, 6.011499881077548 ], [ -74.290496826622686, 6.000000000335916 ], [ -74.287002563689157, 5.990699768154327 ], [ -74.287597656336601, 5.979800224741717 ], [ -74.289901733059935, 5.971700191751066 ], [ -74.292198181083393, 5.963600158702521 ], [ -74.292198180933312, 5.95440006245494 ], [ -74.291099547676453, 5.941699981495106 ], [ -74.287597655602269, 5.933499813292602 ], [ -74.273200988518724, 5.925399780391423 ], [ -74.261100769319498, 5.920700073830276 ], [ -74.259300231860806, 5.915500164562708 ], [ -74.261596680222155, 5.904600143641817 ], [ -74.263900756851299, 5.895899773039282 ], [ -74.264503479603022, 5.893599986987334 ], [ -74.263900756975275, 5.890699863917964 ], [ -74.262802123851344, 5.884300231726255 ], [ -74.261001586376508, 5.870500087739159 ], [ -74.260498046602464, 5.859499931966116 ], [ -74.258697509532951, 5.852600097031155 ], [ -74.256401062298522, 5.843299865577226 ], [ -74.25469970677635, 5.842100142819614 ], [ -74.251800537592572, 5.837500095894869 ], [ -74.250602722727749, 5.835800170564836 ], [ -74.248298645111291, 5.835800170537074 ], [ -74.240303039570435, 5.837500095608172 ], [ -74.233901977165601, 5.840300083178549 ], [ -74.229301452919501, 5.844399929474619 ], [ -74.224098205264184, 5.84840011661623 ], [ -74.215499878563676, 5.859300136162712 ], [ -74.213798522308366, 5.86569976755963 ], [ -74.202201842986099, 5.875999928143829 ], [ -74.202796935912289, 5.881199836532892 ], [ -74.194198607867776, 5.877099990912843 ], [ -74.184898376554571, 5.86899995751711 ], [ -74.175697326195277, 5.860300063564716 ], [ -74.165901183879953, 5.857900142211339 ], [ -74.153800964371399, 5.856200218667387 ], [ -74.135398864521278, 5.851500034645437 ], [ -74.127296447989281, 5.845699787065301 ], [ -74.118598937847807, 5.839799880774168 ], [ -74.111099243086258, 5.832300186770266 ], [ -74.111099242595216, 5.82250022919637 ], [ -74.111701964949191, 5.810900211798432 ], [ -74.1071014397955, 5.799399852088064 ], [ -74.09729766867882, 5.795899868545612 ], [ -74.078300476681648, 5.794600009612735 ], [ -74.060997009826352, 5.794499873653394 ], [ -74.040199279910411, 5.789800166798523 ], [ -74.027496338143067, 5.778200150061863 ], [ -74.027496337676254, 5.769000053251939 ], [ -74.027496338532032, 5.763199806412543 ], [ -74.019996643386193, 5.757400036421588 ], [ -74.010200501104549, 5.749300003632353 ], [ -74.009597778123123, 5.734799861427832 ], [ -74.009597777806846, 5.727900028300758 ], [ -74.005599975075668, 5.724999904917196 ], [ -73.998100280751061, 5.722099781383656 ], [ -73.987701416226869, 5.722000122110143 ], [ -73.976196288582145, 5.721399784475879 ], [ -73.954902648972933, 5.721300124624673 ], [ -73.913902282364575, 5.72060012827586 ], [ -73.906997680927475, 5.712999820209951 ], [ -73.908203125165173, 5.706699847847761 ], [ -73.902999877953391, 5.706099987160998 ], [ -73.894302368735481, 5.70889997492292 ], [ -73.891998290818506, 5.715300082563935 ], [ -73.88739776675412, 5.721000194266221 ], [ -73.88220214881774, 5.729700087942911 ], [ -73.867797851886422, 5.73250007661452 ], [ -73.85340118471791, 5.737100125023451 ], [ -73.842498778718138, 5.735300063434636 ], [ -73.829200744228928, 5.734700203218347 ], [ -73.822303772508675, 5.735799789347287 ], [ -73.807899475086657, 5.746099949217785 ], [ -73.795196533065194, 5.751800060705595 ], [ -73.781402587631462, 5.758700847946905 ], [ -73.775596618682712, 5.76100015653751 ], [ -73.766998290990415, 5.76149988212697 ], [ -73.757698058929236, 5.759200096573995 ], [ -73.745101928613735, 5.758600235234042 ], [ -73.735298157263145, 5.757400035637585 ], [ -73.723098755499848, 5.755599975254601 ], [ -73.715599059407538, 5.75150012922763 ], [ -73.712196349733688, 5.745100021586045 ], [ -73.704696655402458, 5.736400127272069 ], [ -73.7017974851465, 5.727799892690512 ], [ -73.695999145755252, 5.719099998238827 ], [ -73.686798096337967, 5.711500167272398 ], [ -73.67639923087718, 5.705699920136479 ], [ -73.664901733900081, 5.708000183364052 ], [ -73.663200378975361, 5.709099768952076 ], [ -73.659103393464278, 5.712600230740103 ], [ -73.652198792014815, 5.727600098133001 ], [ -73.645896911528439, 5.73500013320234 ], [ -73.63719940161107, 5.743700026891378 ], [ -73.636100769700775, 5.752900124118137 ], [ -73.63839721629428, 5.762700080266209 ], [ -73.640098572137276, 5.777800082939326 ], [ -73.6407012943057, 5.787000178858125 ], [ -73.639602661071208, 5.802000045702151 ], [ -73.637298584520423, 5.809500217695742 ], [ -73.635597228891783, 5.821100234514501 ], [ -73.631500244174234, 5.834899902119917 ], [ -73.625198364112222, 5.840099811036741 ], [ -73.625198363661141, 5.859700202961565 ], [ -73.628097533592481, 5.866700172498254 ], [ -73.634399414720576, 5.883999824590832 ], [ -73.637901306649525, 5.894999980502702 ], [ -73.636199951146352, 5.898499965900758 ], [ -73.635002136803223, 5.90539979891051 ], [ -73.630401611789395, 5.912300109307794 ], [ -73.629898071008242, 5.918700217851123 ], [ -73.629302979027543, 5.927299976299549 ], [ -73.629898070763019, 5.935400009089873 ], [ -73.630401611303313, 5.946400165970569 ], [ -73.625801086665476, 5.955599785507828 ], [ -73.622398376854719, 5.961999893845483 ], [ -73.616600036345545, 5.968900203443226 ], [ -73.610900879527549, 5.973999976491156 ], [ -73.605072022058067, 5.986193180349653 ], [ -73.603904723930711, 5.989698886293248 ], [ -73.597602844465115, 5.996500015697954 ], [ -73.591300963991841, 5.999899863901132 ], [ -73.584396362964185, 6.005700110892713 ], [ -73.579200744127263, 6.009099959842706 ], [ -73.573997497338198, 6.019499778428316 ], [ -73.565902710410924, 6.029900074652719 ], [ -73.560798644543823, 6.046000003568433 ], [ -73.557296752715672, 6.051199913225632 ], [ -73.555000304526203, 6.05639982235742 ], [ -73.551002502430478, 6.064499855109414 ], [ -73.549201964973449, 6.068500041734455 ], [ -73.539398193321816, 6.083499908771954 ], [ -73.533096313899577, 6.094399929493503 ], [ -73.52559661804176, 6.089799881305384 ], [ -73.516998291113126, 6.09030008358185 ], [ -73.513496398510839, 6.089700222670551 ], [ -73.508300781024047, 6.085100174201656 ], [ -73.505401611680341, 6.077600002872137 ], [ -73.501403808853027, 6.07289981809144 ], [ -73.495597840008358, 6.070000171973382 ], [ -73.485198974751682, 6.068200111296646 ], [ -73.476600647332276, 6.065299987210293 ], [ -73.463897705406922, 6.056600094338866 ], [ -73.455299377699816, 6.051899909540587 ], [ -73.450698852667372, 6.050799846480464 ], [ -73.440803527991804, 6.045499801217929 ], [ -73.437400817688641, 6.040900230464664 ], [ -73.432197570755278, 6.02530002571722 ], [ -73.431602477747276, 6.02059984183452 ], [ -73.430999755462892, 6.016600131499742 ], [ -73.42530059749123, 6.010799884753844 ], [ -73.419502257655111, 6.00209999041831 ], [ -73.416000366719544, 5.994599819471747 ], [ -73.409103393302502, 5.984700202449865 ], [ -73.402801513130186, 5.968500137663622 ], [ -73.4039001465014, 5.960499763654068 ], [ -73.409103393807825, 5.953000068002632 ], [ -73.412498473590389, 5.946100234637196 ], [ -73.424102782577023, 5.928199767829128 ], [ -73.430397033855186, 5.912600040731268 ], [ -73.436698912927284, 5.903999804990112 ], [ -73.441299438930471, 5.894800185882373 ], [ -73.447097778526043, 5.88609981491976 ], [ -73.451103210401754, 5.875699997086278 ], [ -73.462097167728388, 5.870600223386958 ], [ -73.464874267899162, 5.868265629321174 ], [ -73.467521667254559, 5.866692065687527 ], [ -73.46730041476458, 5.864346980472632 ], [ -73.468399047880595, 5.860199928126221 ], [ -73.471298217208641, 5.853899955948368 ], [ -73.481697082659508, 5.842400073841636 ], [ -73.497802734255316, 5.845300197345327 ], [ -73.496597289540219, 5.83780002633484 ], [ -73.496101379818242, 5.832600116575319 ], [ -73.493202209697401, 5.826200008057934 ], [ -73.489700317495277, 5.822199821316741 ], [ -73.486297607620727, 5.814700127022129 ], [ -73.482200622859381, 5.808300018073576 ], [ -73.478797913130919, 5.801400184069287 ], [ -73.47640228254123, 5.797299862512491 ], [ -73.470100402440195, 5.792099953159887 ], [ -73.463203429929379, 5.790299893055924 ], [ -73.461502074825802, 5.789100169796255 ], [ -73.456298828322375, 5.778200148916876 ], [ -73.453399657768372, 5.77059984198713 ], [ -73.452201843188433, 5.768300056158106 ], [ -73.449897766482707, 5.762000083521857 ], [ -73.447601318301523, 5.755000113864491 ], [ -73.446998596286832, 5.751500129135889 ], [ -73.438400268370998, 5.74520015665486 ], [ -73.429702758554782, 5.740499973725293 ], [ -73.424003601526934, 5.745100021581119 ], [ -73.420501709574694, 5.753699779830791 ], [ -73.418197631753173, 5.756000042052365 ], [ -73.408996581652772, 5.772200107094131 ], [ -73.396896362533511, 5.784800052655538 ], [ -73.395698547195124, 5.789999961410559 ], [ -73.395202636108394, 5.795199870956447 ], [ -73.39459991429915, 5.809100151042624 ], [ -73.392898559892885, 5.814899921327399 ], [ -73.390602111315616, 5.819499969526746 ], [ -73.387702942144202, 5.824100017011635 ], [ -73.374999999402107, 5.834400176601432 ], [ -73.36920166012186, 5.834400177466084 ], [ -73.359397887856105, 5.835499763404104 ], [ -73.348503113243552, 5.837800025487775 ], [ -73.333503723109501, 5.838300227479759 ], [ -73.323699951164144, 5.840600013632481 ], [ -73.31790161085955, 5.845200061743377 ], [ -73.308197021251232, 5.846799850116055 ], [ -73.302398681014722, 5.850900173848869 ], [ -73.296600342394896, 5.86119985583203 ], [ -73.294296264235285, 5.869299888548757 ], [ -73.287399292370608, 5.886000155932221 ], [ -73.275299072485922, 5.893499851815339 ], [ -73.268997193028341, 5.896399974294284 ], [ -73.266098022260252, 5.901500225447492 ], [ -73.262603759946558, 5.913700103933707 ], [ -73.260299683091716, 5.920000075909615 ], [ -73.255699158250181, 5.932099819665731 ], [ -73.251098633115291, 5.940800189827734 ], [ -73.24880218561951, 5.953499793864255 ], [ -73.241897582719304, 5.970200061591242 ], [ -73.236701965933548, 5.977099895799808 ], [ -73.232101440639951, 5.977600098003569 ], [ -73.224098206228518, 5.975299834931874 ], [ -73.215400695711381, 5.97009992664022 ], [ -73.210197448986861, 5.966599940881943 ], [ -73.206802367611417, 5.965400219174708 ], [ -73.202697753741717, 5.964799881186876 ], [ -73.189498900987743, 5.969399929588133 ], [ -73.180801391268147, 5.964700221920108 ], [ -73.177902221276412, 5.963600158370244 ], [ -73.175598144899865, 5.961800098779892 ], [ -73.169296265163723, 5.959499836236946 ], [ -73.164703369759224, 5.958899974308876 ], [ -73.155998229490066, 5.95650005403235 ], [ -73.150802611940478, 5.955900191948306 ], [ -73.143898009862994, 5.95709991418101 ], [ -73.133003235201926, 5.958199977736219 ], [ -73.125503540548422, 5.958099842566327 ], [ -73.117401123711048, 5.956399918095958 ], [ -73.112800598244064, 5.956399917639086 ], [ -73.097198486007272, 5.952799796690757 ], [ -73.089202880351095, 5.951099873147213 ], [ -73.067298888875627, 5.953299998906875 ], [ -73.060897827424697, 5.954400062062886 ], [ -73.051696777571863, 5.952600001896458 ], [ -73.048202514136037, 5.953800200759135 ], [ -73.042503357529512, 5.957799911767894 ], [ -73.04129791261137, 5.961800098857642 ], [ -73.035598754526774, 5.964700222544772 ], [ -73.02860260019537, 5.968100070662991 ], [ -73.018302916817063, 5.973299979912433 ], [ -73.013099670321651, 5.974999905176764 ], [ -73.002700805689813, 5.987699985414703 ], [ -73.001602172515831, 5.992300034130102 ], [ -73.000396728537908, 5.996300221108226 ], [ -72.997497558182687, 6.000899792032183 ], [ -72.993499755675259, 6.01009988761158 ], [ -72.987701416321343, 6.01649999570191 ], [ -72.984298706341491, 6.02400016736523 ], [ -72.979698181599971, 6.032599925367926 ], [ -72.975097656806497, 6.037799834722421 ], [ -72.972198485697447, 6.040100097269177 ], [ -72.966400145859495, 6.045300007182342 ], [ -72.960098266082511, 6.045800208390456 ], [ -72.954299926449309, 6.052700043219824 ], [ -72.947402954305318, 6.058499813476599 ], [ -72.943397522333427, 6.063099860908908 ], [ -72.938201903853809, 6.067699909301439 ], [ -72.932403564364634, 6.079199790948905 ], [ -72.92729949921987, 6.082699776009778 ], [ -72.919799804350532, 6.098800181826085 ], [ -72.91799926770102, 6.10050010646339 ], [ -72.913398742357316, 6.101699829055848 ], [ -72.911102294964763, 6.102200030949434 ], [ -72.906501770255247, 6.109700203185151 ], [ -72.904800414407504, 6.113200187357589 ], [ -72.896697998215288, 6.117800236324533 ], [ -72.890403747250801, 6.12760019305087 ], [ -72.882301331047159, 6.13850021330054 ], [ -72.875396728408489, 6.143099785061637 ], [ -72.867301940743943, 6.149400234333362 ], [ -72.855201721380141, 6.156300068496312 ], [ -72.845397948776721, 6.16839981131858 ], [ -72.840301513952269, 6.176400184763067 ], [ -72.833297728823197, 6.184500217354286 ], [ -72.825897217354282, 6.190199852441622 ], [ -72.811500548673223, 6.198800086313384 ], [ -72.794197081885969, 6.218999862403782 ], [ -72.78900146456688, 6.2311000825181 ], [ -72.78839874301336, 6.244400023824216 ], [ -72.783798217328211, 6.265200138533717 ], [ -72.784400939925263, 6.278399943721634 ], [ -72.787300109241372, 6.292300224274396 ], [ -72.781501769385599, 6.309599876516748 ], [ -72.774101257563856, 6.325200080377559 ], [ -72.768898010752693, 6.343100071369362 ], [ -72.763702393097205, 6.363800048673986 ], [ -72.763702392469725, 6.366199970772669 ], [ -72.76260375931524, 6.369599818885646 ], [ -72.76200103764242, 6.378900051739945 ], [ -72.762603759966765, 6.384600161841259 ], [ -72.760803222293717, 6.391600132172896 ], [ -72.759696959884977, 6.399099826241004 ], [ -72.757400513014261, 6.409500122636454 ], [ -72.756797790915869, 6.423299789744917 ], [ -72.758499145580117, 6.428500175201448 ], [ -72.765502929251099, 6.439499854998709 ], [ -72.770698547400769, 6.446499824820002 ], [ -72.778198242755664, 6.456900120208559 ], [ -72.785697937475661, 6.46330022779707 ], [ -72.793197631865937, 6.472000121906544 ], [ -72.812797546753217, 6.495200157269957 ], [ -72.827796935507379, 6.510799884664342 ], [ -72.838699341145698, 6.536900043125263 ], [ -72.83300018354214, 6.544899940741124 ], [ -72.821403503762568, 6.544899940400616 ], [ -72.81680297837724, 6.547800063543471 ], [ -72.81169891340069, 6.55469989739218 ], [ -72.806503296220441, 6.562200069892939 ], [ -72.801902771544562, 6.56680011746034 ], [ -72.76380157523009, 6.53079986586475 ], [ -72.757499694688121, 6.527299881092558 ], [ -72.748802185663052, 6.5220999711296 ], [ -72.742500305033488, 6.509900092912476 ], [ -72.737800597799023, 6.501200199210895 ], [ -72.733802795435437, 6.492499828798892 ], [ -72.730903625594266, 6.483900069798348 ], [ -72.726898193556508, 6.474599838689672 ], [ -72.726898193280036, 6.465400218332031 ], [ -72.717597961386247, 6.451499938837054 ], [ -72.714797974013848, 6.450900077470459 ], [ -72.711898804258595, 6.44910001814688 ], [ -72.710098266135859, 6.446199894202775 ], [ -72.706703185491278, 6.443900108618031 ], [ -72.704902648560491, 6.440999985186734 ], [ -72.703201294595061, 6.439799786090348 ], [ -72.70149993929229, 6.438700199083561 ], [ -72.69860076922987, 6.433499812961128 ], [ -72.696899413597876, 6.428299903335063 ], [ -72.695098877468851, 6.424799918518624 ], [ -72.691101073687065, 6.417300224119751 ], [ -72.685302734337256, 6.41260004079686 ], [ -72.68070220962997, 6.412600040996816 ], [ -72.67259979307947, 6.414299964697799 ], [ -72.664001464459417, 6.413099766270571 ], [ -72.66110229490198, 6.413700103544807 ], [ -72.655403136712039, 6.415400028661934 ], [ -72.650703430169045, 6.415900230259068 ], [ -72.64330291702187, 6.419400215249158 ], [ -72.638603211113931, 6.423399925632129 ], [ -72.632896423524784, 6.427400112777867 ], [ -72.629402160953489, 6.430300235141345 ], [ -72.624801635555812, 6.434299946458207 ], [ -72.620201111374882, 6.43830013258565 ], [ -72.616203307447677, 6.44469976398271 ], [ -72.609298706539064, 6.449800014911953 ], [ -72.602897643785226, 6.4538998602694 ], [ -72.597702026039144, 6.457300186182322 ], [ -72.594299315817608, 6.463600158813111 ], [ -72.589103698442656, 6.464799880400671 ], [ -72.582801818228859, 6.465300082691124 ], [ -72.580398559768938, 6.464700222603271 ], [ -72.575798034268757, 6.471700192093598 ], [ -72.567832947427377, 6.470466136702719 ], [ -72.565498351438777, 6.473299980081891 ], [ -72.563697814868107, 6.481999874705533 ], [ -72.565498351526756, 6.491799831894516 ], [ -72.566101074862971, 6.504000186555751 ], [ -72.570701599406362, 6.522999763428658 ], [ -72.572402953913098, 6.538599967948225 ], [ -72.570098877280742, 6.550799846392738 ], [ -72.566703795883271, 6.561699866723256 ], [ -72.561912536615395, 6.570281029187008 ], [ -72.560897827738998, 6.572100162871783 ], [ -72.562103271689566, 6.573800086500109 ], [ -72.554603576936742, 6.586500167891298 ], [ -72.539596558158351, 6.598000049393829 ], [ -72.527496337322916, 6.611199855540224 ], [ -72.525802611776058, 6.620999813238395 ], [ -72.523498535031607, 6.642399788310332 ], [ -72.524101257332461, 6.653399944767575 ], [ -72.528099060154176, 6.671299934288706 ], [ -72.525199890429363, 6.682899952429766 ], [ -72.523498534744476, 6.695000171601857 ], [ -72.523498535770003, 6.715199947890505 ], [ -72.523498535638879, 6.718100071595916 ], [ -72.52179717990937, 6.727300167646272 ], [ -72.51889800981337, 6.739399909812452 ], [ -72.517196655420108, 6.749199867512726 ], [ -72.517799377400721, 6.764299869340243 ], [ -72.516098022525298, 6.781000137197363 ], [ -72.519500732406669, 6.799499988107524 ], [ -72.523597717728606, 6.82089996381814 ], [ -72.524696349574455, 6.831299781833356 ], [ -72.525299072653993, 6.846300124466732 ], [ -72.526496887169628, 6.854400158077124 ], [ -72.534599304679489, 6.871799945246446 ], [ -72.531097411820113, 6.894299983557311 ], [ -72.525901794850171, 6.893099784278183 ], [ -72.518402099960596, 6.892499923254261 ], [ -72.512702942474604, 6.888400078337167 ], [ -72.501098632776774, 6.886099815728816 ], [ -72.495903014842426, 6.882599830102525 ], [ -72.486701965405572, 6.88079977020088 ], [ -72.487899779670684, 6.87680006066512 ], [ -72.473503113448331, 6.872700213907507 ], [ -72.46649932840478, 6.866899966803184 ], [ -72.460197448376775, 6.862800121112321 ], [ -72.448097228332941, 6.859300136441385 ], [ -72.439399719722303, 6.857500076264419 ], [ -72.431900024505012, 6.857500076337327 ], [ -72.423301696333866, 6.857399941002542 ], [ -72.411796569887585, 6.86490011214217 ], [ -72.405998230282137, 6.867800235221867 ], [ -72.399101257107716, 6.873499870080981 ], [ -72.389900207459803, 6.878099918362894 ], [ -72.381202698308016, 6.883299827130664 ], [ -72.370903015378516, 6.887300014109792 ], [ -72.365699768354901, 6.894700050887843 ], [ -72.357597350407744, 6.903999805594071 ], [ -72.353599547982043, 6.909100055050182 ], [ -72.34439849807778, 6.922999858934414 ], [ -72.339797973697273, 6.93279981590922 ], [ -72.332298279398628, 6.948900222526563 ], [ -72.328796386970197, 6.958700180413652 ], [ -72.322502136191702, 6.971399784430132 ], [ -72.317901610793783, 6.984099865345683 ], [ -72.313796997025079, 6.988699913466618 ], [ -72.307502746438402, 6.992700100225729 ], [ -72.301696776895156, 6.993299960499804 ], [ -72.294296264888786, 6.992599964568213 ], [ -72.290199279519669, 6.992599963627358 ], [ -72.285598754476098, 6.986800193889827 ], [ -72.284400939885089, 6.983900070025219 ], [ -72.285003661620621, 6.981100082328338 ], [ -72.285598754362212, 6.974699974509883 ], [ -72.285598754843619, 6.969500064963914 ], [ -72.286201476965331, 6.964300156132163 ], [ -72.279197693400832, 6.964900016792468 ], [ -72.274101257375463, 6.965400219171197 ], [ -72.269996642897155, 6.966000080250727 ], [ -72.263702392824499, 6.969999790013309 ], [ -72.257301330688591, 6.972300053101187 ], [ -72.25219726548606, 6.976299763071715 ], [ -72.247001647947229, 6.979700088966312 ], [ -72.243499755988196, 6.98489999788518 ], [ -72.237800598328334, 6.993599891778078 ], [ -72.23200225888462, 7.006199836469946 ], [ -72.226799010758995, 7.013199805791905 ], [ -72.219299316016134, 7.025800227537339 ], [ -72.212997437177492, 7.027500152342927 ] ] ] } },
{ "type": "Feature", "properties": { "DPTO": "17", "NOMBRE_DPT": "CALDAS", "AREA": 7558199875.5559998, "PERIMETER": 603282.45700000005, "HECTARES": 755819.98800000001 }, "geometry": { "type": "Polygon", "coordinates": [ [ [ -74.69499969487994, 5.752699852090696 ], [ -74.684700012094993, 5.750999927796412 ], [ -74.676597595093256, 5.758399963075026 ], [ -74.67539978059547, 5.746300220502907 ], [ -74.673103332663672, 5.739900112343364 ], [ -74.676597595422052, 5.738800048878948 ], [ -74.682296752962259, 5.729000091227338 ], [ -74.683502197465131, 5.724999904308207 ], [ -74.68520355223859, 5.717500209549079 ], [ -74.678901672471341, 5.710499763284458 ], [ -74.67769622795646, 5.704699993320234 ], [ -74.679397582775493, 5.695499897130648 ], [ -74.676597595124036, 5.689099788463364 ], [ -74.669601440409124, 5.683300018196797 ], [ -74.648902893066321, 5.668200015942278 ], [ -74.656898498747935, 5.661900043367439 ], [ -74.659797668444838, 5.654399872045095 ], [ -74.659202575927551, 5.64109992985568 ], [ -74.661003112738385, 5.631899833648758 ], [ -74.663299560822423, 5.609300136289661 ], [ -74.667900085620062, 5.597799777795506 ], [ -74.672500610348749, 5.584499835649826 ], [ -74.680496215663325, 5.568399906124957 ], [ -74.685096741046308, 5.55690002425852 ], [ -74.674697875943764, 5.545899868135789 ], [ -74.67130279563132, 5.53490018819536 ], [ -74.681098938217644, 5.514699936006963 ], [ -74.686203002905316, 5.499700069388509 ], [ -74.692596435698775, 5.480700015788133 ], [ -74.69080352758273, 5.463900089191027 ], [ -74.690299987785039, 5.445400238262678 ], [ -74.685096740772323, 5.425799846772451 ], [ -74.683296203321987, 5.424600124483867 ], [ -74.685600280612732, 5.421700000863933 ], [ -74.690200805408324, 5.421199798893746 ], [ -74.693099975437931, 5.422299861879583 ], [ -74.695396423570514, 5.425799846548731 ], [ -74.701202392343419, 5.425799846547196 ], [ -74.701797485134961, 5.419499873854736 ], [ -74.697700500721638, 5.404399872093699 ], [ -74.697097778642203, 5.396299838820846 ], [ -74.702903747775011, 5.386000156306399 ], [ -74.716201782019439, 5.385399818563338 ], [ -74.718498229715237, 5.379700184000872 ], [ -74.717300414745623, 5.371600151267931 ], [ -74.714996337918677, 5.365799903842221 ], [ -74.717903137245713, 5.357699871229252 ], [ -74.723098755115473, 5.354300022341855 ], [ -74.73000335706017, 5.350299835217422 ], [ -74.72940063461084, 5.335800170803347 ], [ -74.734001159857726, 5.323100090327117 ], [ -74.739799499238686, 5.312200069535638 ], [ -74.747200012052176, 5.287399768759479 ], [ -74.755302429254499, 5.281099796051811 ], [ -74.761100769211652, 5.278800010409743 ], [ -74.765098571507437, 5.276500225301294 ], [ -74.765701293928004, 5.272999763795144 ], [ -74.783500671299478, 5.276599883787413 ], [ -74.797401428083063, 5.27829980829192 ], [ -74.813499451003295, 5.280700207082969 ], [ -74.820999145385869, 5.280799865598444 ], [ -74.839996338046319, 5.281400203429292 ], [ -74.844100952442702, 5.282000064746886 ], [ -74.850402832225768, 5.290100097526838 ], [ -74.855598449895965, 5.290100097527119 ], [ -74.864799499295103, 5.290800094851771 ], [ -74.872726440654347, 5.291209697700269 ], [ -74.876403808517537, 5.291399955800285 ], [ -74.891296386982702, 5.291500091553963 ], [ -74.900596618915174, 5.286900043589726 ], [ -74.909797668514557, 5.281700134420517 ], [ -74.924797058287353, 5.281199932351068 ], [ -74.947799682677584, 5.2813000676871 ], [ -74.959899902666521, 5.281300067845123 ], [ -74.973197936954207, 5.280799865995351 ], [ -74.9865036013355, 5.280900001494422 ], [ -74.999099731491725, 5.280900001207743 ], [ -75.004898071019412, 5.280660152232668 ], [ -75.011199951344892, 5.280399799432346 ], [ -75.025100707952859, 5.278100013991766 ], [ -75.031402587970163, 5.278200149611803 ], [ -75.036598205597514, 5.277599811676123 ], [ -75.051597595280597, 5.273099899116721 ], [ -75.063102721983896, 5.270800113875931 ], [ -75.076400757040517, 5.258100032482366 ], [ -75.087303161866771, 5.256999969785596 ], [ -75.091903686602649, 5.255899906441351 ], [ -75.09430694600394, 5.253220558157793 ], [ -75.105796813724893, 5.240399837416617 ], [ -75.11550140352783, 5.223100185642908 ], [ -75.124801635664099, 5.205800056250043 ], [ -75.136299133588182, 5.180399895034991 ], [ -75.144897461251162, 5.167200088607512 ], [ -75.150703430259895, 5.153299808456885 ], [ -75.155899047709255, 5.149300098391409 ], [ -75.162200927467751, 5.145299911805767 ], [ -75.166198730439532, 5.145299911801443 ], [ -75.176597595402086, 5.14589977266861 ], [ -75.184097290204988, 5.152900218787488 ], [ -75.186996459830866, 5.154600143237046 ], [ -75.189903259150199, 5.154600143126569 ], [ -75.196197509477969, 5.154699802218282 ], [ -75.207702636470302, 5.15360021576504 ], [ -75.217498779333823, 5.14379978180529 ], [ -75.229103088313821, 5.136899948407596 ], [ -75.242301940904653, 5.130599975912014 ], [ -75.253799438433205, 5.127799987778819 ], [ -75.264198303361979, 5.126100063157863 ], [ -75.274597167795648, 5.124400139072971 ], [ -75.29129791273968, 5.123899936387842 ], [ -75.300003051881106, 5.125100135854219 ], [ -75.310897827149702, 5.128600120293521 ], [ -75.325302124302411, 5.126900196339148 ], [ -75.335098266589227, 5.116600036543328 ], [ -75.341499328362957, 5.10500001909863 ], [ -75.34660339365567, 5.098100185240356 ], [ -75.356399536434864, 5.088300228182771 ], [ -75.359298705916942, 5.085999965620215 ], [ -75.36100006106625, 5.083700179904235 ], [ -75.361000061308516, 5.068099975614427 ], [ -75.362197875651006, 5.050799846642835 ], [ -75.35990142805683, 5.043300151977823 ], [ -75.35700225810298, 5.033500194292573 ], [ -75.356399535973182, 5.026500224749883 ], [ -75.34829711943965, 5.014999866631272 ], [ -75.348297119332514, 5.001699924239896 ], [ -75.344802856559284, 4.993599891828019 ], [ -75.346603393595544, 4.983799934339302 ], [ -75.353500366358048, 4.967599868806189 ], [ -75.358703613060925, 4.953800201688739 ], [ -75.361503600830545, 4.944499969760602 ], [ -75.362083434834318, 4.939989566761406 ], [ -75.363800048834634, 4.928400039971776 ], [ -75.362701416017899, 4.912199974270936 ], [ -75.361503601066872, 4.908699989134257 ], [ -75.359802245795336, 4.901800155600332 ], [ -75.356903076307717, 4.890799999062785 ], [ -75.353401184283413, 4.88500022920494 ], [ -75.353401184266062, 4.881499767077101 ], [ -75.353401183992673, 4.874000072597371 ], [ -75.355102538919084, 4.864799976620654 ], [ -75.354598999087699, 4.851500034087768 ], [ -75.358596802026597, 4.845799922636004 ], [ -75.367797851838191, 4.83890008899087 ], [ -75.379302978386065, 4.835999965465509 ], [ -75.386299133365469, 4.834899902361327 ], [ -75.394897461133667, 4.83150005312348 ], [ -75.405296325977773, 4.818799972741648 ], [ -75.412200928001624, 4.811900139051861 ], [ -75.413299560776252, 4.805500030686878 ], [ -75.421401977812792, 4.80270004298493 ], [ -75.423103332299789, 4.806700229478549 ], [ -75.423698425274949, 4.815400123641058 ], [ -75.430603027475726, 4.827000140864316 ], [ -75.445098876975877, 4.839200019516094 ], [ -75.460098266909739, 4.850800037346489 ], [ -75.474998474189363, 4.862400055165165 ], [ -75.48490142834477, 4.874599933630702 ], [ -75.4974975589069, 4.891399860084209 ], [ -75.518898010123593, 4.910500049557099 ], [ -75.533897399590003, 4.915800094309516 ], [ -75.548301696932711, 4.921100139790759 ], [ -75.571899413984866, 4.922900199877978 ], [ -75.582298279113218, 4.924099922309479 ], [ -75.604797363554198, 4.924799918942534 ], [ -75.616302490299319, 4.924799919215703 ], [ -75.619201660010333, 4.926599979707451 ], [ -75.623802184897187, 4.925399780079628 ], [ -75.638801574511817, 4.926599979255109 ], [ -75.650901794353842, 4.934199809899035 ], [ -75.652099609656005, 4.944600105154795 ], [ -75.661903381060128, 4.954999923704808 ], [ -75.678596496415963, 4.959099769895303 ], [ -75.688400268330469, 4.957499981178006 ], [ -75.687797546163026, 4.9471001627799 ], [ -75.68840026838636, 4.928599834597089 ], [ -75.696998596144368, 4.922299861879498 ], [ -75.710899352764287, 4.921700000951844 ], [ -75.72299957265129, 4.921800136508023 ], [ -75.726402282441938, 4.923500061086397 ], [ -75.747802734557609, 4.934599876268329 ], [ -75.757598877142215, 4.953100204204149 ], [ -75.757598877024066, 4.96530008295856 ], [ -75.758201599379035, 4.980299949533614 ], [ -75.761596679475034, 4.99420022938869 ], [ -75.767402648764445, 5.004600048250953 ], [ -75.774902343896997, 5.019000053110499 ], [ -75.784103393429547, 5.032400131372714 ], [ -75.791000365964408, 5.030099868791261 ], [ -75.796798706317986, 5.024899959531869 ], [ -75.805397033935861, 5.0163002015668 ], [ -75.812400817775924, 5.005899905959361 ], [ -75.818099975559079, 4.997300147919798 ], [ -75.831398010345296, 4.989799976353294 ], [ -75.832496642991813, 4.981200218147564 ], [ -75.832496643252796, 4.97079992326341 ], [ -75.837097168155026, 4.959199905588139 ], [ -75.841697693009138, 4.952899932547433 ], [ -75.834197997948479, 4.944799899920253 ], [ -75.818702697613332, 4.937200069697261 ], [ -75.813499450544384, 4.929100036848952 ], [ -75.811203003179372, 4.922200202735859 ], [ -75.811698913552249, 4.917500018901997 ], [ -75.820396423427539, 4.917600154873271 ], [ -75.837699890193392, 4.916500091656934 ], [ -75.849800109668351, 4.917099952554309 ], [ -75.859001159517533, 4.916600227358272 ], [ -75.868797302053451, 4.914899826043231 ], [ -75.877403259058639, 4.914899825966363 ], [ -75.894203186008241, 4.919600009880681 ], [ -75.906799316731835, 4.920800208728499 ], [ -75.900550842161095, 4.944450378490626 ], [ -75.906898498542802, 4.945099830342265 ], [ -75.914901733281908, 4.948599815630945 ], [ -75.921302795447019, 4.954999923475124 ], [ -75.922996520695861, 4.964799881279733 ], [ -75.928802490126245, 4.978099822783643 ], [ -75.938003539757077, 4.997799873244334 ], [ -75.937400817951115, 5.002999782561266 ], [ -75.939796447622541, 5.013400078058006 ], [ -75.94210052498147, 5.020899772899524 ], [ -75.949600219696933, 5.032499790224388 ], [ -75.953895568706528, 5.033854007867407 ], [ -75.954803466798978, 5.046400070310635 ], [ -75.953598022494319, 5.056200027656231 ], [ -75.952499389868422, 5.075200080919962 ], [ -75.950202941805429, 5.083899974945698 ], [ -75.950202941706038, 5.087399959566639 ], [ -75.953102111608118, 5.112800121533142 ], [ -75.939796447991668, 5.122600078518245 ], [ -75.936286926566197, 5.123554229613649 ], [ -75.931701659890081, 5.124800205441767 ], [ -75.921897888018378, 5.124800205548636 ], [ -75.918502807614544, 5.124800205276232 ], [ -75.912696838611893, 5.120699882825047 ], [ -75.902900695503334, 5.107999801315795 ], [ -75.889701843150078, 5.109099864638762 ], [ -75.885597229163352, 5.112500190602614 ], [ -75.883903503492704, 5.116000175724941 ], [ -75.881599426352295, 5.125800132970967 ], [ -75.88099670395296, 5.134399890849422 ], [ -75.878700256059886, 5.14190006246955 ], [ -75.876998901674995, 5.151199817650658 ], [ -75.869499206379686, 5.160399913778691 ], [ -75.860298156804689, 5.174200058064102 ], [ -75.851097106995184, 5.187499999847034 ], [ -75.848800659298149, 5.196100235303079 ], [ -75.851699829046808, 5.212900161757569 ], [ -75.853996276795939, 5.222700118776976 ], [ -75.85690307627992, 5.241799831498618 ], [ -75.864402771043189, 5.262000083747569 ], [ -75.86550140384621, 5.266407966671793 ], [ -75.86730194061056, 5.273600101651847 ], [ -75.858596801605557, 5.27699995066786 ], [ -75.855697631866022, 5.276999950354464 ], [ -75.847702026566765, 5.278100013753309 ], [ -75.842498779616122, 5.278100013407605 ], [ -75.832099914785019, 5.278600216140176 ], [ -75.819999695043208, 5.276899814932418 ], [ -75.802696227963168, 5.275599956225824 ], [ -75.800590515426649, 5.275200366702737 ], [ -75.796897888122231, 5.274499893005182 ], [ -75.789398193469196, 5.27099990826489 ], [ -75.777297973889361, 5.265100002313981 ], [ -75.769302368075316, 5.259300232007682 ], [ -75.75659942648295, 5.249400139002514 ], [ -75.74970245386065, 5.248799800618539 ], [ -75.744499206633648, 5.250500202164401 ], [ -75.734703063789709, 5.252200126664032 ], [ -75.725997924874335, 5.255700111162385 ], [ -75.716796875277907, 5.264299869326996 ], [ -75.713401794123783, 5.269499779039471 ], [ -75.707603454651974, 5.275199890420461 ], [ -75.704696655380602, 5.283899784282787 ], [ -75.703002929954707, 5.291399955805669 ], [ -75.699501037326428, 5.304100036322413 ], [ -75.695503234771579, 5.307499885292059 ], [ -75.685699462936341, 5.320799827534656 ], [ -75.67819976774652, 5.325900077913799 ], [ -75.683403015281243, 5.329400062633868 ], [ -75.692596435603932, 5.329500198597742 ], [ -75.701896667749892, 5.330699920675093 ], [ -75.714500427272426, 5.331900119925405 ], [ -75.714500427415587, 5.338200092558519 ], [ -75.722602843980383, 5.357900142848218 ], [ -75.722602844201816, 5.361899852469751 ], [ -75.733596802034697, 5.381000042098639 ], [ -75.735900878776164, 5.381100177594125 ], [ -75.751502990503582, 5.380499839622917 ], [ -75.762397766241079, 5.380599975746557 ], [ -75.773399353204582, 5.379499912182919 ], [ -75.783699035642243, 5.379499911991204 ], [ -75.796401977818448, 5.378399849257646 ], [ -75.810798644862729, 5.37849998502561 ], [ -75.821800232260856, 5.370399952013595 ], [ -75.826400756629369, 5.369900226356988 ], [ -75.832199096548351, 5.369900226279698 ], [ -75.834999084471448, 5.366499900995854 ], [ -75.840202331797983, 5.363599777269704 ], [ -75.847099304084907, 5.361899853058574 ], [ -75.855201721361937, 5.360199928315609 ], [ -75.866203307907568, 5.356800079540586 ], [ -75.873100280525975, 5.356800079053507 ], [ -75.879997253318209, 5.352799892601513 ], [ -75.887496948463635, 5.352799892358884 ], [ -75.894996643036535, 5.352799892486147 ], [ -75.903099059935656, 5.362100124366751 ], [ -75.903602600328782, 5.370200156887204 ], [ -75.900802612101714, 5.381199836633284 ], [ -75.898498534947123, 5.390399932588026 ], [ -75.897300720507246, 5.399099826615531 ], [ -75.893302917325059, 5.412300110184747 ], [ -75.888702392670311, 5.429599761849728 ], [ -75.887001037906558, 5.444099903119366 ], [ -75.887603759519351, 5.461400032228709 ], [ -75.886772155966497, 5.471781730588795 ], [ -75.886505126982698, 5.47513771053513 ], [ -75.88529968279127, 5.483300209116937 ], [ -75.882400512644551, 5.489099979158535 ], [ -75.868598937935388, 5.49770021424709 ], [ -75.859901428197531, 5.498300075682898 ], [ -75.851799011029286, 5.505199909447756 ], [ -75.840896606490375, 5.514299869524935 ], [ -75.834602355700923, 5.51490020762253 ], [ -75.822998046579869, 5.514299869582465 ], [ -75.810302734178038, 5.514200210353843 ], [ -75.797096252166256, 5.518799781519778 ], [ -75.786697387746912, 5.522200107360463 ], [ -75.772300720152117, 5.525000095609903 ], [ -75.764198302908426, 5.523799896229892 ], [ -75.757896423162308, 5.523200035339929 ], [ -75.754402160915106, 5.524400234441834 ], [ -75.749801635816581, 5.526100158444255 ], [ -75.744102477829813, 5.527200222274515 ], [ -75.744102478242269, 5.523799896304895 ], [ -75.740600586160909, 5.520299911250973 ], [ -75.738296508703797, 5.518000125668959 ], [ -75.73539733910296, 5.512199878926548 ], [ -75.728500365940093, 5.506400108188664 ], [ -75.716903686293037, 5.504600047949626 ], [ -75.712303161873891, 5.504000186855166 ], [ -75.709503173916048, 5.505099773130979 ], [ -75.706001281805797, 5.507999897239417 ], [ -75.693901061780849, 5.510799884677416 ], [ -75.680099487443073, 5.512499809377734 ], [ -75.670303344943392, 5.514800072024979 ], [ -75.667999267740669, 5.517700195446589 ], [ -75.659301757607764, 5.519400120034879 ], [ -75.652397155601335, 5.519899845005487 ], [ -75.633903503443122, 5.518700122946738 ], [ -75.623596191147811, 5.512899875490003 ], [ -75.614303588668506, 5.515100002192726 ], [ -75.615501403644572, 5.52260017415963 ], [ -75.61669921871092, 5.53130006814119 ], [ -75.616699218785826, 5.542900085620606 ], [ -75.615501404107022, 5.556099891657732 ], [ -75.617301940613146, 5.574100017258895 ], [ -75.626502990535201, 5.5977997778411 ], [ -75.626502990630556, 5.600100040471546 ], [ -75.621902466089296, 5.616799831425459 ], [ -75.61959838871465, 5.636499881457587 ], [ -75.624198913465648, 5.651500224938961 ], [ -75.627098083689262, 5.66590023051748 ], [ -75.626289367940785, 5.667068958111489 ], [ -75.623100280903699, 5.67170000072537 ], [ -75.617301941032594, 5.679800033759299 ], [ -75.618499756168831, 5.688399791637845 ], [ -75.622497558388247, 5.701200008329247 ], [ -75.625999450608106, 5.717299938318599 ], [ -75.625137328902838, 5.725503444965877 ], [ -75.618499756088411, 5.72660017035187 ], [ -75.607261657395512, 5.725541114507736 ], [ -75.604698181202806, 5.725299835033964 ], [ -75.592597961329886, 5.721300124915444 ], [ -75.582199096589008, 5.717199802518703 ], [ -75.575302124257604, 5.717700004631511 ], [ -75.572998047157185, 5.716499805415448 ], [ -75.566596984949797, 5.713600158777454 ], [ -75.563201904084863, 5.707799911366675 ], [ -75.561996459816854, 5.70030021676089 ], [ -75.559097290163663, 5.691699981934157 ], [ -75.551002502704378, 5.68699979798018 ], [ -75.542999267414885, 5.681799888774882 ], [ -75.537200927533632, 5.67309999482416 ], [ -75.525703430235666, 5.671299934282124 ], [ -75.514099121151276, 5.668399810599269 ], [ -75.507797240990101, 5.660200119331481 ], [ -75.498596191621786, 5.662499904529561 ], [ -75.48470306365094, 5.665900230637396 ], [ -75.469802856680076, 5.676799774368265 ], [ -75.455902099499255, 5.683100223395514 ], [ -75.45359802225677, 5.687200069481493 ], [ -75.441497802533874, 5.687099933499066 ], [ -75.433998107970524, 5.683599949208243 ], [ -75.425903320621231, 5.683599948746585 ], [ -75.419601440288389, 5.677199840814684 ], [ -75.412101745538152, 5.668499946302068 ], [ -75.405197143638603, 5.664400101010422 ], [ -75.396499633896951, 5.659200191815266 ], [ -75.393600463645669, 5.653399944390644 ], [ -75.393096924139044, 5.651100158437929 ], [ -75.399398803555655, 5.634399891148486 ], [ -75.402801513345779, 5.620500087689287 ], [ -75.409202575820856, 5.605500221114666 ], [ -75.401702880669916, 5.59969997395759 ], [ -75.392501831069112, 5.601399898489978 ], [ -75.386100769032893, 5.601399898294957 ], [ -75.37689971921543, 5.597899913492599 ], [ -75.374000549084698, 5.594999790391673 ], [ -75.374000549427109, 5.58690023451274 ], [ -75.375198364298171, 5.574800014582786 ], [ -75.370498657314286, 5.568399905926092 ], [ -75.367599487307231, 5.55509996432282 ], [ -75.366500854633102, 5.533199786924197 ], [ -75.353797912544252, 5.516900062648424 ], [ -75.350898742397305, 5.502500057058342 ], [ -75.349700928055896, 5.497799873453062 ], [ -75.349700927441774, 5.48509979239913 ], [ -75.347396850404436, 5.474699974080933 ], [ -75.344001770205807, 5.464300155828006 ], [ -75.339897155846231, 5.458000183048004 ], [ -75.33650207540272, 5.456799983779899 ], [ -75.323196411078754, 5.457300186462625 ], [ -75.313400268313714, 5.460199832819632 ], [ -75.303001403916582, 5.460100173688422 ], [ -75.288002014256961, 5.458300113720672 ], [ -75.286300659210227, 5.460000037933953 ], [ -75.274200439497648, 5.464600086524526 ], [ -75.254600524893675, 5.473199844301911 ], [ -75.247100830084761, 5.491099834541536 ], [ -75.235000610631772, 5.512400150427528 ], [ -75.219497680663963, 5.516900062675431 ], [ -75.204498291299373, 5.518000125557081 ], [ -75.192398071082664, 5.520299911346135 ], [ -75.179702759021367, 5.522600173702815 ], [ -75.171600341828082, 5.527699947563878 ], [ -75.166999817130957, 5.531199931897094 ], [ -75.161300659230278, 5.537499904584703 ], [ -75.158996582130214, 5.545599937205933 ], [ -75.1567001343671, 5.554800033698542 ], [ -75.153198242312854, 5.563499927525724 ], [ -75.146896361991296, 5.567999839486166 ], [ -75.139999389843396, 5.570899963564155 ], [ -75.130699157936959, 5.573800086957899 ], [ -75.124397277680714, 5.580699920574109 ], [ -75.124397277606121, 5.591599941257805 ], [ -75.124999999862609, 5.598000049304201 ], [ -75.126701355176223, 5.61240005512932 ], [ -75.122703552462113, 5.621099948805353 ], [ -75.121002197040085, 5.630899905973815 ], [ -75.119796752875232, 5.64190006283421 ], [ -75.11579895040876, 5.648200034887084 ], [ -75.111198425335957, 5.649300098422371 ], [ -75.094497680501249, 5.653900146345916 ], [ -75.091003417907075, 5.653900146714951 ], [ -75.079498290927972, 5.659599780853916 ], [ -75.069702148532585, 5.662499904463931 ], [ -75.060501098435509, 5.666500091537588 ], [ -75.047798156573052, 5.669899940481251 ], [ -75.035102843911787, 5.674399852767225 ], [ -75.02649688735481, 5.681300163164333 ], [ -75.02010345434924, 5.691100120831604 ], [ -75.019241332800831, 5.694767952256396 ], [ -75.016700744791294, 5.705599784911016 ], [ -75.009201050114982, 5.707799911496481 ], [ -74.995903015028304, 5.711200237064851 ], [ -74.985603332505903, 5.711800098647102 ], [ -74.975799560732895, 5.713500023134084 ], [ -74.965400695732072, 5.714600086458697 ], [ -74.95559692377428, 5.715700149619416 ], [ -74.943496703817985, 5.717999935178682 ], [ -74.918098449821443, 5.723599910414745 ], [ -74.913497924855477, 5.725299835501463 ], [ -74.908302307063892, 5.726500034321365 ], [ -74.901397705137327, 5.727600097923953 ], [ -74.893302917588699, 5.730500220945608 ], [ -74.885803222543302, 5.73220014550934 ], [ -74.877197265926171, 5.733900070414997 ], [ -74.872596740889577, 5.73089981093799 ], [ -74.866798400791268, 5.724599838260557 ], [ -74.863899230795013, 5.720499992063236 ], [ -74.863296508663453, 5.714200019953203 ], [ -74.861000061325342, 5.708899975056101 ], [ -74.858703613044597, 5.700300216896337 ], [ -74.853500366236418, 5.696199894084768 ], [ -74.842002868687644, 5.694399833542991 ], [ -74.835098266328131, 5.69089984904415 ], [ -74.827598572050036, 5.689199924726362 ], [ -74.82180023207539, 5.686299800807849 ], [ -74.806800842469741, 5.679299831521944 ], [ -74.798202514674486, 5.677499770905468 ], [ -74.790100097782144, 5.678599834383759 ], [ -74.777999878169027, 5.680300235436301 ], [ -74.76989746116999, 5.68260002153067 ], [ -74.765296936253492, 5.683100223408058 ], [ -74.757797241480048, 5.690000057457097 ], [ -74.754997253656953, 5.704999923457563 ], [ -74.747497558346765, 5.716000080343949 ], [ -74.741096496428725, 5.731500148622485 ], [ -74.733703613498932, 5.742499828559229 ], [ -74.722702026478999, 5.759799957062284 ], [ -74.715202331856233, 5.762599944807146 ], [ -74.704803466843344, 5.762599945059914 ], [ -74.698501586705703, 5.762000084022073 ], [ -74.69499969487994, 5.752699852090696 ] ] ] } },
{ "type": "Feature", "properties": { "DPTO": "18", "NOMBRE_DPT": "CAQUETA", "AREA": 90180868828.820999, "PERIMETER": 1888506.9010000001, "HECTARES": 9018086.8829999994 }, "geometry": { "type": "Polygon", "coordinates": [ [ [ -74.692596436502612, 2.497800111869246 ], [ -74.689102173815854, 2.479300022924952 ], [ -74.680999756010308, 2.46020007129498 ], [ -74.676399231485462, 2.440599918315436 ], [ -74.678100584834993, 2.422699927570043 ], [ -74.678703307146833, 2.404200075864693 ], [ -74.677497864045151, 2.377599954531133 ], [ -74.674598693200508, 2.353300095530414 ], [ -74.672897339301514, 2.333100080699655 ], [ -74.671699523552533, 2.319200038627498 ], [ -74.666496276202963, 2.302500009574331 ], [ -74.663101196758788, 2.271300077797013 ], [ -74.661903381263755, 2.249900101793012 ], [ -74.660797119501666, 2.24810004137745 ], [ -74.657897948408674, 2.239500046748671 ], [ -74.653800965064264, 2.231400013514512 ], [ -74.649803160412901, 2.220400094099428 ], [ -74.64230346760138, 2.207099914913258 ], [ -74.634803772995511, 2.186800002612594 ], [ -74.631301880591124, 2.170000075665099 ], [ -74.628997802897402, 2.145200013870538 ], [ -74.628997801861303, 2.130199909948154 ], [ -74.628997803920797, 2.10759997312864 ], [ -74.631797790494858, 2.078200101805196 ], [ -74.631797789852726, 2.060899972473521 ], [ -74.631202697021081, 2.037800072813625 ], [ -74.61679840006498, 2.001300096109349 ], [ -74.606399535153898, 1.979300022067541 ], [ -74.596603394025308, 1.967100023196546 ], [ -74.590202332035688, 1.944000005031377 ], [ -74.585098267366661, 1.930699944165317 ], [ -74.574699401888566, 1.917400001578067 ], [ -74.561401367824615, 1.901700020213406 ], [ -74.549896239227238, 1.880900026078693 ], [ -74.540603637121691, 1.866999984917149 ], [ -74.522201538419125, 1.848999977334849 ], [ -74.51180267388655, 1.837399960566335 ], [ -74.503700256394751, 1.828099966877788 ], [ -74.48760223280442, 1.815400004918674 ], [ -74.47200012283092, 1.806599973606605 ], [ -74.436302184432307, 1.799499988842225 ], [ -74.404502868302757, 1.797099948553287 ], [ -74.372802733847948, 1.795199990792751 ], [ -74.300201416322821, 1.78680002576244 ], [ -74.27480316070303, 1.784999966127095 ], [ -74.246597290280633, 1.774500011316378 ], [ -74.223503112101241, 1.764000057778883 ], [ -74.202201843294674, 1.743700027076748 ], [ -74.188301087397079, 1.728600024287298 ], [ -74.169898987727279, 1.702499984488649 ], [ -74.157798767245538, 1.683400035032852 ], [ -74.140502930216527, 1.658499956384785 ], [ -74.118499756170209, 1.649199963556809 ], [ -74.09320068256504, 1.647300005355272 ], [ -74.079902647752931, 1.635699987281245 ], [ -74.062599181596326, 1.624099970936489 ], [ -74.059700013249284, 1.621199964604263 ], [ -74.05629730315043, 1.61249995319055 ], [ -74.046997069381774, 1.601500034379897 ], [ -74.031997679571191, 1.592800020393973 ], [ -74.009002685062171, 1.583999991838025 ], [ -73.985298155835295, 1.575799942938439 ], [ -73.958801269341819, 1.57229995754589 ], [ -73.930603026343491, 1.570399998933047 ], [ -73.896598816563284, 1.573199986371368 ], [ -73.859100342296813, 1.581699967424525 ], [ -73.843498229295477, 1.586199998283494 ], [ -73.82109832815253, 1.596500038984612 ], [ -73.789901732568282, 1.606199980870139 ], [ -73.738601684130046, 1.612900017639976 ], [ -73.717903136892318, 1.612800002333982 ], [ -73.686203003997662, 1.612699986613928 ], [ -73.660202025752355, 1.61090004387708 ], [ -73.659698486564068, 1.608000039599114 ], [ -73.65679931586142, 1.600499988589008 ], [ -73.657897948754936, 1.588299989591633 ], [ -73.65560150196994, 1.567499994057482 ], [ -73.655601500663309, 1.54789996086386 ], [ -73.652702332128655, 1.526499987076347 ], [ -73.650398253474989, 1.512099981947519 ], [ -73.654998778670475, 1.503399968473834 ], [ -73.653800965130145, 1.490100025019314 ], [ -73.635398865789995, 1.478500008715908 ], [ -73.61750030445134, 1.476099968154922 ], [ -73.604797363162362, 1.460999965646572 ], [ -73.586898803928221, 1.440700053934313 ], [ -73.575996399910096, 1.422799943941142 ], [ -73.559196471856424, 1.385800003517252 ], [ -73.555801392791139, 1.379400015222155 ], [ -73.543701172612089, 1.383399962911658 ], [ -73.535598753763921, 1.367799996137078 ], [ -73.522903442030341, 1.357300042785057 ], [ -73.511398316343943, 1.349200011165826 ], [ -73.500999450341311, 1.337000013091213 ], [ -73.491798401246285, 1.321400045840581 ], [ -73.488899230128752, 1.308599948841519 ], [ -73.47389984127075, 1.286599994875135 ], [ -73.455398560493691, 1.278499962070478 ], [ -73.450798035497812, 1.255300044313654 ], [ -73.444999694634106, 1.229900002398975 ], [ -73.439796447579212, 1.215999959893043 ], [ -73.441001891804504, 1.208500028870755 ], [ -73.439796448581063, 1.19869995238566 ], [ -73.435798644878687, 1.188799977778366 ], [ -73.435798644957814, 1.180799961905916 ], [ -73.43859863367625, 1.172099948014136 ], [ -73.436897277195015, 1.164600013963082 ], [ -73.418998719337708, 1.15470004110781 ], [ -73.410896301619744, 1.146000028567798 ], [ -73.394203185062722, 1.116500020480394 ], [ -73.374000549427308, 1.099599956667946 ], [ -73.364196778086537, 1.092700003947704 ], [ -73.35379791272517, 1.081599951707088 ], [ -73.3365020753659, 1.061900020664825 ], [ -73.322097779134836, 1.053799985638363 ], [ -73.301399231321113, 1.035199999363667 ], [ -73.276603698092757, 1.021199942675264 ], [ -73.263298034827585, 1.008499979515628 ], [ -73.258697509996466, 0.995800017245148 ], [ -73.251197815893534, 0.987100005236662 ], [ -73.228103637033669, 0.980599998473747 ], [ -73.211997986108273, 0.981700001943029 ], [ -73.202697752705859, 0.970700025461411 ], [ -73.201599121295928, 0.955699980354246 ], [ -73.190597534630029, 0.945800007029162 ], [ -73.17040252701787, 0.933000028597714 ], [ -73.150802613116483, 0.906899989811685 ], [ -73.12779998840189, 0.898699998141009 ], [ -73.109298706607447, 0.895200015157987 ], [ -73.096603392898743, 0.88819998601157 ], [ -73.086303711081584, 0.89109999055149 ], [ -73.073600770100114, 0.896200001255574 ], [ -73.058601378591831, 0.900799990795685 ], [ -73.051101685563381, 0.90189999259759 ], [ -73.035003662126201, 0.907000004590584 ], [ -73.018798828411079, 0.910399973502464 ], [ -73.010803223657533, 0.916700004952238 ], [ -73.015998839502572, 0.925400019168922 ], [ -73.013702391482084, 0.940400003947965 ], [ -73.009002686059702, 0.940400005247185 ], [ -72.998703003420232, 0.936900019438231 ], [ -72.99289703390707, 0.938600004176913 ], [ -72.981903076855573, 0.941999972430409 ], [ -72.979103089110509, 0.947200001492847 ], [ -72.971000672069806, 0.962199985543937 ], [ -72.954902649703811, 0.966799974522288 ], [ -72.954902649501065, 0.973100006177785 ], [ -72.951400756434893, 0.985199989063165 ], [ -72.946800231420085, 0.996800005028835 ], [ -72.941596984980265, 0.998499988301055 ], [ -72.93699646105263, 0.998499989225449 ], [ -72.920898437961043, 0.998399974072657 ], [ -72.919197082030067, 1.001299976887053 ], [ -72.90239715478458, 1.007599949808485 ], [ -72.890899658885189, 1.008100031591272 ], [ -72.88800048740103, 1.011500000203211 ], [ -72.899002075481619, 1.028300047552684 ], [ -72.89209747396302, 1.024299979066264 ], [ -72.882301330946561, 1.028800011586108 ], [ -72.88520050163487, 1.036900044082996 ], [ -72.885696410859268, 1.044999957433753 ], [ -72.895500184028108, 1.053200006507754 ], [ -72.901298523221399, 1.053200005775023 ], [ -72.901901245965533, 1.057800053977848 ], [ -72.902999877591725, 1.067000031712918 ], [ -72.910499573820019, 1.074000002076881 ], [ -72.903602599062722, 1.077999948349485 ], [ -72.893798828504217, 1.080299972504325 ], [ -72.884597777607425, 1.083099962263367 ], [ -72.874198913668891, 1.085999966494847 ], [ -72.877098084600107, 1.094099999266428 ], [ -72.885200501473037, 1.097599983417328 ], [ -72.897903443000246, 1.11029994593193 ], [ -72.898498535633507, 1.120200038999855 ], [ -72.890998840252692, 1.126500011128164 ], [ -72.875396728102089, 1.131000041848325 ], [ -72.877098083930932, 1.141999960977057 ], [ -72.882896423342928, 1.147300005399061 ], [ -72.878303527842633, 1.149000048106008 ], [ -72.867897034461649, 1.150099993482424 ], [ -72.856399536520257, 1.147099971932195 ], [ -72.844299315795126, 1.149999976812746 ], [ -72.844299315769533, 1.153399944681552 ], [ -72.843696594714032, 1.164399981951567 ], [ -72.836196899415953, 1.160300016819265 ], [ -72.81259918211704, 1.157899974574126 ], [ -72.80509948757674, 1.159600019018435 ], [ -72.792396545545358, 1.159000038737428 ], [ -72.792396544680784, 1.150900006225697 ], [ -72.78659820541175, 1.140499949035966 ], [ -72.780899046719625, 1.136999965851431 ], [ -72.768203736107694, 1.12769997086897 ], [ -72.765899659093705, 1.127099989939364 ], [ -72.742797851958684, 1.136299967251282 ], [ -72.749198913804875, 1.145499945514256 ], [ -72.746902464651768, 1.161100028865273 ], [ -72.738800048436929, 1.16400003379806 ], [ -72.730697631585613, 1.163900016713382 ], [ -72.717498779428524, 1.160400032814005 ], [ -72.704200744877312, 1.149399994600316 ], [ -72.698501587883044, 1.14470005047171 ], [ -72.686302186002109, 1.144700050821598 ], [ -72.677696228967847, 1.139999985930912 ], [ -72.676002502453002, 1.146999954679821 ], [ -72.676002502111601, 1.157400011118307 ], [ -72.669601440772681, 1.15680003198177 ], [ -72.659797668841449, 1.145699978010162 ], [ -72.637901306357094, 1.122499942672066 ], [ -72.626998901020841, 1.111500024517894 ], [ -72.6119995110963, 1.095299960370015 ], [ -72.583099364714172, 1.079599976986534 ], [ -72.531196593383385, 1.053400039910916 ], [ -72.50930023190142, 1.053799986876675 ], [ -72.501800536320772, 1.056100011435307 ], [ -72.487998961588005, 1.057800055008443 ], [ -72.484497071435712, 1.056100011037625 ], [ -72.472396849512876, 1.046800016506159 ], [ -72.456901549741275, 1.029899955951798 ], [ -72.454002379798496, 1.023000001499144 ], [ -72.4419021597772, 1.012599944770471 ], [ -72.437202452678065, 1.009099960813993 ], [ -72.436096192538017, 0.998099983584273 ], [ -72.430297851421813, 0.987100005319525 ], [ -72.416999817073176, 0.972000002271725 ], [ -72.422798157862289, 0.962800024898868 ], [ -72.423896789001944, 0.950100003842523 ], [ -72.413002013288775, 0.936200023757286 ], [ -72.400901793683218, 0.9262999896042 ], [ -72.397399902481652, 0.915899992083413 ], [ -72.401397703875588, 0.905499995569219 ], [ -72.405998230620412, 0.889900028857146 ], [ -72.395698547634865, 0.891099990516243 ], [ -72.368598938992974, 0.903100013632749 ], [ -72.362197875823881, 0.901899993853756 ], [ -72.362800597427622, 0.890299975267352 ], [ -72.365097045495475, 0.875899971525164 ], [ -72.357002258061883, 0.863200008381009 ], [ -72.354103089522994, 0.852800012591856 ], [ -72.357597351826257, 0.847599984140553 ], [ -72.358703613706993, 0.838900029468033 ], [ -72.3559036259458, 0.830200017094641 ], [ -72.347801208951481, 0.812300025900417 ], [ -72.336799622608311, 0.816900014003632 ], [ -72.337997435759931, 0.826699972984384 ], [ -72.340301513822141, 0.837700008894536 ], [ -72.338600158751674, 0.84689998722111 ], [ -72.32759857130776, 0.846300006339576 ], [ -72.312599182783785, 0.849699974582193 ], [ -72.305702208353267, 0.841600000712415 ], [ -72.312599180999925, 0.832899986959981 ], [ -72.3154983511035, 0.820800005564648 ], [ -72.308601380375933, 0.804000020262691 ], [ -72.30740356473973, 0.791899978622664 ], [ -72.313796996742624, 0.790199994482235 ], [ -72.322998047439327, 0.780399976974749 ], [ -72.321197510123611, 0.774100005270218 ], [ -72.307403563361177, 0.76190000889706 ], [ -72.2958984367515, 0.751999973610195 ], [ -72.281402589094071, 0.740999997033165 ], [ -72.27680206256403, 0.7473000291882 ], [ -72.279098509996388, 0.754299999059541 ], [ -72.280296326576106, 0.763499974022672 ], [ -72.273399353997092, 0.763999999467881 ], [ -72.264198303772389, 0.757700026755904 ], [ -72.253799438443494, 0.742600023950267 ], [ -72.245101929163368, 0.736800014041781 ], [ -72.242797851880582, 0.726400017560474 ], [ -72.242797851099297, 0.719399989181223 ], [ -72.242202759719305, 0.702700020006614 ], [ -72.243400573415997, 0.691699981397806 ], [ -72.23930358995257, 0.676100015774429 ], [ -72.230102539502766, 0.673200011056133 ], [ -72.219200133149954, 0.678300022880366 ], [ -72.215698241144111, 0.688099981508133 ], [ -72.21219635050754, 0.692700027217703 ], [ -72.204696655802394, 0.692700029105188 ], [ -72.195503233767639, 0.690900027067736 ], [ -72.189201354652752, 0.68220001466951 ], [ -72.177101134892496, 0.683399976331843 ], [ -72.172996521787809, 0.693199992024376 ], [ -72.183403014368565, 0.703000008997347 ], [ -72.170700073702889, 0.701200007735949 ], [ -72.167900085176441, 0.696600018959311 ], [ -72.163200377212078, 0.693099976300342 ], [ -72.150596618283146, 0.694800020140548 ], [ -72.147697449855286, 0.699400008457993 ], [ -72.143699646718986, 0.704599977434501 ], [ -72.141296386381583, 0.704599975503126 ], [ -72.138999939910832, 0.704599975788523 ], [ -72.132102965653232, 0.690100014551855 ], [ -72.129203796438787, 0.677999973254002 ], [ -72.122299194583405, 0.669300018641772 ], [ -72.11190032967977, 0.664600015402012 ], [ -72.103302002899269, 0.664600013891818 ], [ -72.09459686238101, 0.664499997048028 ], [ -72.0854034430985, 0.648299992851608 ], [ -72.084197998090005, 0.638499974441793 ], [ -72.087699888954589, 0.634500026526397 ], [ -72.096900939398083, 0.626399994483812 ], [ -72.085998534799657, 0.628700017758718 ], [ -72.073898315686222, 0.633800029350358 ], [ -72.058296203894955, 0.635500014663788 ], [ -72.044998169501596, 0.63660001849121 ], [ -72.042198180238955, 0.638899981941647 ], [ -72.029502867831567, 0.63359999738392 ], [ -72.01969909753258, 0.62840002681562 ], [ -72.015098572871693, 0.628400028862877 ], [ -72.012702942189591, 0.618499994249995 ], [ -72.013298035393802, 0.612800001168508 ], [ -72.011596678872905, 0.60240000560618 ], [ -72.007598876442302, 0.602900028848259 ], [ -71.997703552896638, 0.600600005339957 ], [ -72.001197814850258, 0.587899983750261 ], [ -72.0115966794164, 0.579800008761048 ], [ -72.014999389510365, 0.575800002540332 ], [ -72.016799927695132, 0.567200005678791 ], [ -72.014396668294907, 0.567700028662147 ], [ -72.009201049818458, 0.546299993963775 ], [ -72.002296447373865, 0.528999984774063 ], [ -71.992500304492935, 0.528400005015754 ], [ -71.976402281946136, 0.518499970529318 ], [ -71.968902586894316, 0.508599995566783 ], [ -71.960197449485065, 0.51090002049237 ], [ -71.96019744884444, 0.516099990415139 ], [ -71.969497681724519, 0.530600012313453 ], [ -71.972900390162295, 0.539799988453672 ], [ -71.968902588050369, 0.545000016168312 ], [ -71.959701537696546, 0.546700001480848 ], [ -71.958503723210569, 0.531700014305501 ], [ -71.949302674425766, 0.525300025855412 ], [ -71.945800780507028, 0.519500018113892 ], [ -71.945800780156219, 0.506799996283546 ], [ -71.945800782430439, 0.500400007744754 ], [ -71.945800780044607, 0.493499993860341 ], [ -71.929702758355873, 0.480699986355359 ], [ -71.930801391654768, 0.474999994109165 ], [ -71.944602967390153, 0.465799986405649 ], [ -71.94580078063693, 0.455399990222734 ], [ -71.933097839191134, 0.449000000397382 ], [ -71.925598144124422, 0.441399991864735 ], [ -71.923896788450818, 0.431600003654146 ], [ -71.931396483873939, 0.42469999287265 ], [ -71.919799804916693, 0.418300001791723 ], [ -71.916397094384479, 0.416599990007213 ], [ -71.89910125784121, 0.404399991412039 ], [ -71.888099671178949, 0.404900014147541 ], [ -71.867897032960116, 0.404799997554733 ], [ -71.853500367262939, 0.389099985144711 ], [ -71.839103699004539, 0.371199996250616 ], [ -71.848297119739186, 0.365999996725099 ], [ -71.858703613323428, 0.36430001209304 ], [ -71.858703612280422, 0.359100014820412 ], [ -71.849502562821201, 0.344099999441398 ], [ -71.854598998671335, 0.331999988021487 ], [ -71.856903076631099, 0.326799988714125 ], [ -71.859199523031563, 0.315200002197255 ], [ -71.8332977287494, 0.315100013714908 ], [ -71.822898865876397, 0.313300012466257 ], [ -71.817703248179441, 0.315100014380177 ], [ -71.815399169681157, 0.324299992098215 ], [ -71.824096679555694, 0.328900008741446 ], [ -71.825798034347997, 0.336499989038206 ], [ -71.819503785321089, 0.33469998903269 ], [ -71.808502197701159, 0.328900008970677 ], [ -71.79470062250995, 0.331699996380081 ], [ -71.785499572534235, 0.331099986996597 ], [ -71.80269622867111, 0.31670001171068 ], [ -71.803298950902985, 0.309799998561705 ], [ -71.798698426337509, 0.306300014155781 ], [ -71.794700622607934, 0.297600001968657 ], [ -71.788902281927804, 0.294099987132195 ], [ -71.779701232389016, 0.296400010517795 ], [ -71.769897461393327, 0.293500007034983 ], [ -71.768699647035504, 0.284200013451827 ], [ -71.76869964495269, 0.275000005206348 ], [ -71.768096924526105, 0.264600009401751 ], [ -71.760101317572591, 0.261700004011936 ], [ -71.755401610717882, 0.261700005505254 ], [ -71.745697022118691, 0.273200004414035 ], [ -71.732398987163165, 0.285199999434072 ], [ -71.727203367933853, 0.288100005280996 ], [ -71.72260284464879, 0.288100003153926 ], [ -71.722602843088126, 0.262100010915055 ], [ -71.735298157411037, 0.254599989425381 ], [ -71.734100341180195, 0.247700005220438 ], [ -71.728897093706635, 0.240199998597356 ], [ -71.713897705305172, 0.225099996453378 ], [ -71.704696655501877, 0.215200007122815 ], [ -71.690803527714991, 0.201900004776855 ], [ -71.683898925662604, 0.19439999805876 ], [ -71.677597046063838, 0.183300002793543 ], [ -71.666603089290803, 0.17810000359596 ], [ -71.655700684706204, 0.179800003450302 ], [ -71.653900146631671, 0.184400007094459 ], [ -71.648200987838138, 0.19300000315906 ], [ -71.636100768459812, 0.197600007877389 ], [ -71.630302430193225, 0.195899992989731 ], [ -71.635498047427873, 0.184900001794289 ], [ -71.638397216020209, 0.178599999355166 ], [ -71.64700317306297, 0.165299995935152 ], [ -71.651000976823369, 0.156100004886257 ], [ -71.634300232926421, 0.157800003922531 ], [ -71.622802734951605, 0.161699994820577 ], [ -71.61530303880707, 0.160600005462383 ], [ -71.602600098661938, 0.165700002946479 ], [ -71.583000183415407, 0.178900003033644 ], [ -71.580703736459583, 0.18009999420662 ], [ -71.58020019493307, 0.171399996664605 ], [ -71.589897154993594, 0.162800000254633 ], [ -71.5940017705814, 0.15240000138833 ], [ -71.602600097349566, 0.14380000443207 ], [ -71.600303650013998, 0.142000003835972 ], [ -71.580101014341793, 0.1448000066858 ], [ -71.559402465962151, 0.145899997308516 ], [ -71.547897338231451, 0.140100002891301 ], [ -71.546096800573807, 0.12850000050933 ], [ -71.552398682693138, 0.111799999436269 ], [ -71.555900574484369, 0.096199995689213 ], [ -71.544403075376678, 0.092699996335651 ], [ -71.524200439414443, 0.103000000762347 ], [ -71.517303466341289, 0.105300000706332 ], [ -71.513298034183819, 0.119699998814055 ], [ -71.511497497121852, 0.115599996396391 ], [ -71.495399476265106, 0.12890000555771 ], [ -71.494201660124347, 0.138699992326957 ], [ -71.487899779623362, 0.148499995033786 ], [ -71.482696534008653, 0.147300004433031 ], [ -71.476898193353989, 0.134599997806721 ], [ -71.483299255266687, 0.126499996654161 ], [ -71.486114502323531, 0.118057527594319 ], [ -71.487998961441306, 0.11252821862754 ], [ -71.490196228430818, 0.11379999602217 ], [ -71.493103026970147, 0.107500001169478 ], [ -71.497100830499193, 0.108099996516778 ], [ -71.504600525731021, 0.097699999844672 ], [ -71.50800323571319, 0.090199998505386 ], [ -71.52130126847166, 0.075299999975568 ], [ -71.53279876735202, 0.056800000178206 ], [ -71.541496277211863, 0.046999999148388 ], [ -71.552398682369542, 0.0366999992163 ], [ -71.563400268568444, 0.024599998266243 ], [ -71.571403503485968, 0.021199998930054 ], [ -71.57949829048313, 0.010199999773017 ], [ -71.597297667985742, -0.002400000159328 ], [ -71.61180114818896, -0.012699999091609 ], [ -71.616127015047084, -0.020470704368383 ], [ -71.622703552001454, -0.032299998562462 ], [ -71.627899169414789, -0.051399997941401 ], [ -71.644599914620045, -0.06459999942441 ], [ -71.664199828964314, -0.077799998484706 ], [ -71.690696717159412, -0.092100002066875 ], [ -71.710296630992744, -0.112800002898385 ], [ -71.71829986641788, -0.117399997181462 ], [ -71.732696532545148, -0.127200008490911 ], [ -71.742500304727002, -0.139300003687403 ], [ -71.754600524692492, -0.153099999701454 ], [ -71.762100218559269, -0.159999996646448 ], [ -71.773101806803538, -0.181899994226149 ], [ -71.801300049255588, -0.26260000527856 ], [ -71.813903809207076, -0.276399999802829 ], [ -71.832901000248683, -0.293100000011475 ], [ -71.856002808373432, -0.301099986944828 ], [ -71.889999388677651, -0.306199998261426 ], [ -71.902702332642832, -0.303200005558039 ], [ -71.917098999042878, -0.299699991209877 ], [ -71.934402465418955, -0.293799997412243 ], [ -71.948799133722545, -0.292600005187117 ], [ -71.964401246088599, -0.288500010775885 ], [ -71.985702514862012, -0.284399986618431 ], [ -72.006668091880371, -0.280578940091742 ], [ -72.008201598170174, -0.280299992411388 ], [ -72.028900146191575, -0.280699998448526 ], [ -72.046798705432124, -0.284700006061732 ], [ -72.057800292330057, -0.297399997475877 ], [ -72.069900513349964, -0.308299988439434 ], [ -72.076202393011144, -0.325599999120073 ], [ -72.075599670811201, -0.338899999170343 ], [ -72.07330322191622, -0.349299997174718 ], [ -72.076202391718212, -0.359699994154892 ], [ -72.095802307431981, -0.370599984289762 ], [ -72.110702514904304, -0.379200012634238 ], [ -72.124603271743268, -0.389499992366334 ], [ -72.137802124571706, -0.391799985955037 ], [ -72.150497435783123, -0.402099997389338 ], [ -72.163200378857596, -0.414200008285636 ], [ -72.174697875007794, -0.424499989155331 ], [ -72.192001343068398, -0.440100014373541 ], [ -72.200599670618885, -0.454499989426148 ], [ -72.212097168057696, -0.497700006575242 ], [ -72.218498229646599, -0.509800016178103 ], [ -72.227699279472404, -0.527700007639205 ], [ -72.237503051070377, -0.55019998541482 ], [ -72.245002747185865, -0.572700024050351 ], [ -72.249603272389237, -0.592299998615534 ], [ -72.261100768608031, -0.616500019781281 ], [ -72.289299011680214, -0.653999983553164 ], [ -72.296798706085283, -0.656799970909494 ], [ -72.309501648936518, -0.661400020435058 ], [ -72.3198013304863, -0.666000007982182 ], [ -72.33599853480257, -0.672200022921393 ], [ -72.338302612384808, -0.671700001479744 ], [ -72.346900940938752, -0.670499981100476 ], [ -72.352699279459017, -0.669900000884881 ], [ -72.360801697219031, -0.668699979273724 ], [ -72.366500853327338, -0.666299998894836 ], [ -72.374000549684425, -0.661700010220201 ], [ -72.381500244211367, -0.655300020896144 ], [ -72.387298583421796, -0.655300022018764 ], [ -72.39360046417454, -0.650600015935816 ], [ -72.399398803697963, -0.647700011740996 ], [ -72.401702881237327, -0.642499983729375 ], [ -72.411499022300944, -0.634400009931307 ], [ -72.414398192385136, -0.630299984600665 ], [ -72.420700073739212, -0.621599971475877 ], [ -72.427101135136368, -0.618700028317758 ], [ -72.4310989388742, -0.614099980364254 ], [ -72.431701660644421, -0.60430002206334 ], [ -72.43289947430722, -0.593299985796139 ], [ -72.432899476281563, -0.586300016535927 ], [ -72.443801879914488, -0.586300014792857 ], [ -72.451896667655348, -0.590300023519696 ], [ -72.471496582610087, -0.604700028518228 ], [ -72.480697631256376, -0.611599982117742 ], [ -72.483596801691803, -0.616699993989494 ], [ -72.490501404166181, -0.62250000299918 ], [ -72.495101929291152, -0.6316999795225 ], [ -72.504302977410887, -0.638599992153927 ], [ -72.507202148733356, -0.643800020289911 ], [ -72.511802673277828, -0.65299999831234 ], [ -72.520401002005912, -0.66159999373844 ], [ -72.526199341553763, -0.667400003561071 ], [ -72.534301758525118, -0.680100023300268 ], [ -72.540603638178709, -0.688099981303161 ], [ -72.548698425940188, -0.694999992730657 ], [ -72.5556030261872, -0.700800000710363 ], [ -72.561897278605713, -0.707099974000444 ], [ -72.567100525197844, -0.713400006079753 ], [ -72.571098326681792, -0.722100019541611 ], [ -72.580398559016061, -0.730099976522589 ], [ -72.588897705550252, -0.729604959618777 ], [ -72.590698242454664, -0.729499995907128 ], [ -72.602302551316029, -0.723699987934983 ], [ -72.612602232762384, -0.717899978396074 ], [ -72.62239837707159, -0.711499990137123 ], [ -72.631698609562534, -0.70510000049756 ], [ -72.643203735161094, -0.697499991458158 ], [ -72.651298523946465, -0.691100001400501 ], [ -72.710098266263927, -0.642400027036764 ], [ -72.713600158603825, -0.63830000174085 ], [ -72.717002868405004, -0.633700012772036 ], [ -72.725097655204834, -0.628400027732054 ], [ -72.732002258476356, -0.616900026848825 ], [ -72.742996215310981, -0.611000001451728 ], [ -72.764900208202178, -0.599399984218812 ], [ -72.767196656180133, -0.591899990390502 ], [ -72.771797180300737, -0.584900021110802 ], [ -72.783897400289874, -0.584900021194546 ], [ -72.795501707797058, -0.589999974822796 ], [ -72.803497315139495, -0.601000012145646 ], [ -72.809898375544293, -0.607299983227168 ], [ -72.817901610427583, -0.618200003992211 ], [ -72.823097228664025, -0.619400025101274 ], [ -72.825996398632313, -0.622200011906542 ], [ -72.834098815728609, -0.630299985069861 ], [ -72.843299865546044, -0.634299994651192 ], [ -72.851303101039477, -0.637199997140931 ], [ -72.859397887829815, -0.641700030102776 ], [ -72.870903015821554, -0.645200013826993 ], [ -72.882499694612449, -0.648000001311114 ], [ -72.898597717739406, -0.648500026451559 ], [ -72.913597106813313, -0.644400000667008 ], [ -72.922798155808181, -0.644399999592655 ], [ -72.935501098776214, -0.646000027433468 ], [ -72.943000794289702, -0.646000027075065 ], [ -72.951103209527076, -0.646000028799201 ], [ -72.95339965881567, -0.639599977890599 ], [ -72.958000181913704, -0.632099986247895 ], [ -72.963203431101874, -0.616500019533077 ], [ -72.967201233037287, -0.60839998676645 ], [ -72.976997375118486, -0.586399971620314 ], [ -72.987396239825031, -0.579400003986436 ], [ -72.992599488085432, -0.57300001334217 ], [ -72.998397826408436, -0.564300001478351 ], [ -73.015701294096687, -0.555599987727409 ], [ -73.031196595324616, -0.55379998641412 ], [ -73.032562255808884, -0.55379211829203 ], [ -73.04850006093649, -0.553699970232922 ], [ -73.060600280066041, -0.553699971009969 ], [ -73.069297790433822, -0.558799981535637 ], [ -73.074501038092421, -0.575600028812679 ], [ -73.078498841435859, -0.584200023700886 ], [ -73.084800720357151, -0.591700017896987 ], [ -73.088302611724657, -0.595200002833688 ], [ -73.092300414990575, -0.601499975308167 ], [ -73.092300415142688, -0.612999975379516 ], [ -73.092300415081297, -0.624599992066575 ], [ -73.092903136649994, -0.63270002700196 ], [ -73.09339904669865, -0.64249998442677 ], [ -73.099800110462709, -0.646499990566868 ], [ -73.105003356037855, -0.648199975181175 ], [ -73.117103576543641, -0.648199975892511 ], [ -73.12689971804717, -0.644100009647865 ], [ -73.135002136833563, -0.638899981372998 ], [ -73.144203185220235, -0.634800016394984 ], [ -73.156898497748543, -0.635900019619485 ], [ -73.163803101319672, -0.635800003271635 ], [ -73.171302794890607, -0.638100027269728 ], [ -73.181602477635806, -0.64270001665104 ], [ -73.18910217349827, -0.64499998163734 ], [ -73.197799682780158, -0.649600028593153 ], [ -73.207603455608847, -0.657000004277759 ], [ -73.216201781272602, -0.657599985259742 ], [ -73.223098755327939, -0.657500027919018 ], [ -73.231201170683363, -0.652899979472184 ], [ -73.240402222548099, -0.645299970610185 ], [ -73.253097532980817, -0.637199997695486 ], [ -73.254302977585141, -0.625100017669357 ], [ -73.272201537499967, -0.615199982083952 ], [ -73.275596618718254, -0.614000021462814 ], [ -73.277900696257447, -0.607100009357081 ], [ -73.28430175826405, -0.598999976465707 ], [ -73.286598205492695, -0.594299971563015 ], [ -73.294097901563262, -0.582199991811879 ], [ -73.307403563866259, -0.572899997752573 ], [ -73.320602418164029, -0.571099996932833 ], [ -73.332702637510195, -0.567600012567733 ], [ -73.340202330505932, -0.564599991207365 ], [ -73.351699829710427, -0.558799982218769 ], [ -73.36620330693782, -0.552399994002532 ], [ -73.385200500948301, -0.544799982901521 ], [ -73.387496948810465, -0.544799984020125 ], [ -73.404197693272351, -0.552200019996359 ], [ -73.41629791222617, -0.557399987466255 ], [ -73.419799804396973, -0.557399987418646 ], [ -73.430099486490406, -0.55680000747004 ], [ -73.43589782673412, -0.555599987174802 ], [ -73.454399109208609, -0.546800016516234 ], [ -73.46240234342838, -0.549700020856902 ], [ -73.476303099737251, -0.551900028514774 ], [ -73.488899231537573, -0.555400014578457 ], [ -73.502197266131759, -0.555899977971422 ], [ -73.518302916958874, -0.555800020229892 ], [ -73.525299072325538, -0.555800019852071 ], [ -73.532798767482518, -0.555700003908981 ], [ -73.538497925226309, -0.555100024597184 ], [ -73.547698973763886, -0.551100014980888 ], [ -73.558700561389003, -0.54240000254455 ], [ -73.571403502727506, -0.531899988604483 ], [ -73.575401305362448, -0.538200021742631 ], [ -73.581199645550313, -0.544000030049055 ], [ -73.584098816245856, -0.544600010076063 ], [ -73.596199035628004, -0.544499992148365 ], [ -73.596199034661367, -0.540499986218573 ], [ -73.596199035624423, -0.527800024138547 ], [ -73.588096619058561, -0.519100009524186 ], [ -73.606002806681317, -0.510399997785683 ], [ -73.616897583907829, -0.500500023871633 ], [ -73.62159729117576, -0.494100004987784 ], [ -73.622703551221761, -0.488400011599848 ], [ -73.624496459136751, -0.477999985483532 ], [ -73.628501891469796, -0.469300001043749 ], [ -73.634300232616738, -0.466899989892953 ], [ -73.644599915013387, -0.468100010382767 ], [ -73.6544036864871, -0.47029998983956 ], [ -73.662498474743046, -0.472000002563129 ], [ -73.66829681458195, -0.473699986488809 ], [ -73.679199218959852, -0.476000010993703 ], [ -73.680397033102253, -0.471899986787086 ], [ -73.680397034143539, -0.462700010018655 ], [ -73.678100586871594, -0.452899992186113 ], [ -73.678100585007556, -0.444799988285818 ], [ -73.688499450636982, -0.441900014810815 ], [ -73.69129943893229, -0.441900014661544 ], [ -73.694198608253359, -0.442999989117627 ], [ -73.699996949325723, -0.443599998645642 ], [ -73.702301025902074, -0.444099992290547 ], [ -73.704597473086565, -0.443500013284906 ], [ -73.711502075430033, -0.440100013614792 ], [ -73.724197386788617, -0.433099985262373 ], [ -73.727096557904517, -0.427899986644967 ], [ -73.731101989418619, -0.424400000670357 ], [ -73.73229980491675, -0.422100008584794 ], [ -73.733398437422863, -0.420300006948632 ], [ -73.739799499946059, -0.419099987487832 ], [ -73.744400024070444, -0.416200011845327 ], [ -73.750701905359037, -0.41040000213934 ], [ -73.754203796282383, -0.409799993018076 ], [ -73.763999940132877, -0.410899997969387 ], [ -73.773803711609247, -0.413199991618985 ], [ -73.782997132415659, -0.416599988540638 ], [ -73.787101746476665, -0.418900012756276 ], [ -73.787002563128169, -0.421200007083889 ], [ -73.788803101581806, -0.424699990901616 ], [ -73.790496825554641, -0.429300011263249 ], [ -73.793403625134161, -0.432200014283516 ], [ -73.795700072065358, -0.435099989575024 ], [ -73.800300598748436, -0.436800002621135 ], [ -73.803802489031071, -0.438499987919709 ], [ -73.810699462371971, -0.440800010662989 ], [ -73.815902709116301, -0.44130000363443 ], [ -73.821601868027585, -0.443100006253743 ], [ -73.825698852059801, -0.442999989287321 ], [ -73.828002930225935, -0.4436000001517 ], [ -73.83489990320129, -0.442999988470682 ], [ -73.839500427554142, -0.44299998983618 ], [ -73.843002318822997, -0.442400008709466 ], [ -73.847602843127135, -0.442400007246173 ], [ -73.852798461829707, -0.441199988478527 ], [ -73.860198974444586, -0.437099992228772 ], [ -73.863700866855027, -0.433600008029712 ], [ -73.87010192962147, -0.427300007029348 ], [ -73.876403807972267, -0.428400008935411 ], [ -73.883651734533601, -0.430558830688942 ], [ -73.886199951345276, -0.428900002458538 ], [ -73.893096923382785, -0.426600008962149 ], [ -73.900596619288208, -0.421900004515716 ], [ -73.917297362115349, -0.414400011466727 ], [ -73.932899475660619, -0.405600011174282 ], [ -73.941497803012055, -0.40099999227983 ], [ -73.950202942796167, -0.398600011737427 ], [ -73.956497191791343, -0.398600012494561 ], [ -73.964599609193129, -0.397399991788112 ], [ -73.977302550665215, -0.395000010188947 ], [ -73.989997863219116, -0.390899985939895 ], [ -74.010200501580101, -0.383300005246218 ], [ -74.023399351933421, -0.381000011398377 ], [ -74.056900023418919, -0.364699989270957 ], [ -74.074699402900308, -0.33340001131448 ], [ -74.08170318503808, -0.315499990522974 ], [ -74.097198486930594, -0.316599995612198 ], [ -74.107597351505717, -0.315899997121205 ], [ -74.113998412241969, -0.31420001380632 ], [ -74.11910247720617, -0.310699998207602 ], [ -74.134696960869292, -0.292699991731805 ], [ -74.14859771704667, -0.284599990856556 ], [ -74.163597106239408, -0.2786999939907 ], [ -74.168197631275959, -0.280400008988956 ], [ -74.171600341839437, -0.284500001919934 ], [ -74.179100036985346, -0.289099991730683 ], [ -74.185997009901769, -0.293099999925406 ], [ -74.195198058129762, -0.299400002835894 ], [ -74.205001831659217, -0.299899994394796 ], [ -74.213096618416714, -0.296400011689824 ], [ -74.219497681262709, -0.29120001089911 ], [ -74.225196837836279, -0.273299991385064 ], [ -74.230400086612249, -0.258199988801004 ], [ -74.247200013045983, -0.255299984986823 ], [ -74.250602721602746, -0.258700013972696 ], [ -74.250602721088015, -0.266200006202252 ], [ -74.251800537250006, -0.27259999491328 ], [ -74.255203248076697, -0.271400003469954 ], [ -74.25930023209304, -0.269699991297638 ], [ -74.2690963745722, -0.264999984535424 ], [ -74.279403685730585, -0.259799986996886 ], [ -74.291496277336037, -0.253899990920376 ], [ -74.300796509051366, -0.248699991905173 ], [ -74.315200806813891, -0.242300003077123 ], [ -74.317497254336757, -0.236499996186102 ], [ -74.316902161293967, -0.229000003355216 ], [ -74.302497864022712, -0.207700000302296 ], [ -74.294502259011821, -0.200200006129287 ], [ -74.297897337845839, -0.178200005523366 ], [ -74.317497253733094, -0.176400006873454 ], [ -74.324996949353888, -0.17640000675861 ], [ -74.341201782241342, -0.17290000507306 ], [ -74.346900940986941, -0.169400005323891 ], [ -74.354400635383229, -0.164100005156883 ], [ -74.359596252841541, -0.159500004032497 ], [ -74.370597840031408, -0.157100007658837 ], [ -74.376296996952291, -0.15309999794837 ], [ -74.387901305002444, -0.149599999199721 ], [ -74.395896911632278, -0.148399994203642 ], [ -74.406303406242927, -0.150600001485379 ], [ -74.415000914377885, -0.156399996250885 ], [ -74.422401427516732, -0.16150000778833 ], [ -74.43280029381684, -0.163200005882199 ], [ -74.447799681708346, -0.166600003410635 ], [ -74.459297180892463, -0.16249999337042 ], [ -74.462799073115775, -0.152099995655102 ], [ -74.457000732083785, -0.144099996592237 ], [ -74.448402404589913, -0.13889999793569 ], [ -74.447303772890763, -0.133699998686323 ], [ -74.462196350082507, -0.124999999387218 ], [ -74.468002319189509, -0.121499999419146 ], [ -74.480697631907518, -0.119099997718085 ], [ -74.485900879916926, -0.119699999537029 ], [ -74.488197327328137, -0.130700006421287 ], [ -74.491096497555404, -0.141599997983466 ], [ -74.494499206539544, -0.155499994321082 ], [ -74.505996703796654, -0.168699994179659 ], [ -74.519302368666843, -0.169799999245571 ], [ -74.528503418857611, -0.172700003442764 ], [ -74.536598204969934, -0.164499996982191 ], [ -74.536003113427483, -0.153600007546313 ], [ -74.535400391657674, -0.139699995085843 ], [ -74.546997071441737, -0.135000004322826 ], [ -74.556800841158363, -0.139599992703808 ], [ -74.556800843275369, -0.148900003096406 ], [ -74.555000304125102, -0.152299999567704 ], [ -74.553901673410522, -0.160400002080878 ], [ -74.559600830767693, -0.160999999391741 ], [ -74.572303771673418, -0.157499997985565 ], [ -74.587303160720978, -0.152799992868212 ], [ -74.607498168426588, -0.144600005090461 ], [ -74.623596191134197, -0.14049999306634 ], [ -74.642097472961495, -0.133499993936416 ], [ -74.642097473215586, -0.12649999652513 ], [ -74.647300719510497, -0.110899999498099 ], [ -74.64959716805393, -0.103399998521056 ], [ -74.661102295022062, -0.091799997532464 ], [ -74.669799804359329, -0.090599999241087 ], [ -74.675003052810055, -0.095200001772973 ], [ -74.681297302909968, -0.09579999850357 ], [ -74.689399718573327, -0.100400001041695 ], [ -74.69629669189915, -0.105499997437384 ], [ -74.70089721658718, -0.103200004045804 ], [ -74.701499938613779, -0.096799998924674 ], [ -74.691703796330074, -0.076099998955757 ], [ -74.681900024365731, -0.066299998070163 ], [ -74.681900024568762, -0.059999998093985 ], [ -74.695198058182356, -0.048900001784269 ], [ -74.70500183024437, -0.030400000244413 ], [ -74.707901001313004, -0.014200000980129 ], [ -74.720001220072987, 0.002000001046763 ], [ -74.721199035177321, 0.013000000582597 ], [ -74.716499327560669, 0.015299999666825 ], [ -74.701599120255835, 0.018700000339158 ], [ -74.695198057962145, 0.02270000118149 ], [ -74.693496705104849, 0.028499998981685 ], [ -74.69750213517878, 0.039500000892291 ], [ -74.707901000407318, 0.041799998726119 ], [ -74.721199036517859, 0.041900001837407 ], [ -74.728698730866398, 0.044199999276125 ], [ -74.735603331979021, 0.047099999930032 ], [ -74.733299255857915, 0.060999999715016 ], [ -74.729797362956816, 0.070200003172048 ], [ -74.71769714347441, 0.065499998667144 ], [ -74.709098815955386, 0.071900001908262 ], [ -74.707397460634397, 0.081699996171215 ], [ -74.707397461186815, 0.093800001798965 ], [ -74.707901001070397, 0.110600002590584 ], [ -74.706802367153983, 0.123800001911679 ], [ -74.708000182948609, 0.13249999325064 ], [ -74.718902587350613, 0.143499999760841 ], [ -74.724700926693629, 0.151099993736418 ], [ -74.727600098687859, 0.156299994000768 ], [ -74.737998963327584, 0.17309999483526 ], [ -74.754699707824187, 0.179499999684087 ], [ -74.785797120167445, 0.186599999592196 ], [ -74.798500061908683, 0.185399994399113 ], [ -74.835403441994345, 0.192499994161035 ], [ -74.850997923809572, 0.193800001642999 ], [ -74.868202210624176, 0.19380000148703 ], [ -74.925903320116774, 0.212599993331937 ], [ -74.94380188009923, 0.220099999544649 ], [ -74.961700439127455, 0.224800004586929 ], [ -74.969703673783812, 0.226600006741761 ], [ -74.996200562700295, 0.233600006260026 ], [ -75.015296936700537, 0.245900006220442 ], [ -75.027999876857692, 0.250499994131418 ], [ -75.028503417384925, 0.259799987778495 ], [ -75.021598815736638, 0.271899998619546 ], [ -75.01010131879535, 0.284000009797161 ], [ -75.004898071243815, 0.293799997167473 ], [ -75.006103515286242, 0.303000003661919 ], [ -75.014198303454833, 0.312299995722187 ], [ -75.021697998208722, 0.323300002935249 ], [ -75.024597169141359, 0.337199985508839 ], [ -75.022796631821947, 0.345200002927932 ], [ -75.022796630567512, 0.354499995885284 ], [ -75.021697998621264, 0.370099992279337 ], [ -75.016502381197583, 0.375800014220489 ], [ -75.008399962859386, 0.379299997292617 ], [ -75.002700806232056, 0.38789999379494 ], [ -75.003303527913801, 0.394800007151222 ], [ -75.012496947868655, 0.407000006218585 ], [ -75.022903442428401, 0.420899986712673 ], [ -75.033798217550626, 0.43540000897924 ], [ -75.039596556900165, 0.445800006943068 ], [ -75.036697388897238, 0.456200003353192 ], [ -75.044799804604779, 0.457399994207734 ], [ -75.056297302369828, 0.456900000403955 ], [ -75.072998046557359, 0.456900001204716 ], [ -75.09729766913226, 0.456999986727363 ], [ -75.125503539440288, 0.462300003702025 ], [ -75.128402710315839, 0.470999985653614 ], [ -75.125503539484654, 0.476799995226583 ], [ -75.123199462281576, 0.486000000646195 ], [ -75.131896973376413, 0.486600010574016 ], [ -75.143997191949964, 0.483200013401855 ], [ -75.153198241959615, 0.47569999188968 ], [ -75.158401490381067, 0.471700012110617 ], [ -75.16699981667503, 0.463699996392208 ], [ -75.170501709745011, 0.460200011286789 ], [ -75.189498902352057, 0.460299998780044 ], [ -75.215400695224858, 0.46390000051046 ], [ -75.232101439310654, 0.465700000082978 ], [ -75.236801146451256, 0.477800011938096 ], [ -75.232696533054977, 0.493400008518107 ], [ -75.248298644834421, 0.518299995949437 ], [ -75.252403260034185, 0.521799980869 ], [ -75.257003785026058, 0.527599990415307 ], [ -75.266197203789048, 0.538600027609232 ], [ -75.265602112299689, 0.547800003715984 ], [ -75.260398863674112, 0.555299997872158 ], [ -75.251197814657687, 0.567399979370027 ], [ -75.246002198462136, 0.574299990838826 ], [ -75.237998962758383, 0.585900009782056 ], [ -75.25009918252448, 0.612500011337524 ], [ -75.269699096629068, 0.632200003406688 ], [ -75.283599852927438, 0.643800020112548 ], [ -75.287597655281502, 0.65420001733689 ], [ -75.282402038926293, 0.673300027510908 ], [ -75.27670288008504, 0.688799976396886 ], [ -75.290496826777542, 0.713100017098478 ], [ -75.315902710274273, 0.725399970097594 ], [ -75.323997497542564, 0.727199972747274 ], [ -75.341300965151333, 0.739400030227177 ], [ -75.356796263673743, 0.743499995197282 ], [ -75.368301390832542, 0.743499994469843 ], [ -75.389701844376972, 0.736100019128896 ], [ -75.404098510325539, 0.732699990575069 ], [ -75.416198729725551, 0.732699990900686 ], [ -75.424797057838134, 0.730499981956093 ], [ -75.439201355455779, 0.727599979451522 ], [ -75.454200745206691, 0.730000020073002 ], [ -75.469802856092727, 0.73409998472633 ], [ -75.477897643676201, 0.736999987739987 ], [ -75.495697021300671, 0.744599997975343 ], [ -75.500396728686212, 0.746399999336785 ], [ -75.50839996386766, 0.759700000814331 ], [ -75.520500182345117, 0.760299981646306 ], [ -75.534400939106092, 0.759199977303891 ], [ -75.543601990944467, 0.760399996116556 ], [ -75.552803039110799, 0.768000006425003 ], [ -75.561500548230242, 0.788800000440365 ], [ -75.560302734213337, 0.805499971841021 ], [ -75.564399719656123, 0.818300009791031 ], [ -75.577102660776092, 0.829299986784848 ], [ -75.592597961782189, 0.831099987345958 ], [ -75.611099242344594, 0.832300006224809 ], [ -75.621498108669002, 0.834100008507981 ], [ -75.637603760062561, 0.834699988222555 ], [ -75.644500732867897, 0.846300006242322 ], [ -75.643402099408419, 0.855599999149999 ], [ -75.641700745149123, 0.859600007099264 ], [ -75.657798767627483, 0.859700023529923 ], [ -75.668701173048262, 0.856800019931615 ], [ -75.682601929183988, 0.853399990972742 ], [ -75.70390319757945, 0.845399974916023 ], [ -75.720001220973899, 0.840300024633919 ], [ -75.74250030591682, 0.840399979856629 ], [ -75.759201050501687, 0.838699995279269 ], [ -75.764999389658698, 0.833500027197243 ], [ -75.76850128073454, 0.822000027525201 ], [ -75.769599914102415, 0.816799998985854 ], [ -75.789199828349737, 0.816900015499136 ], [ -75.800201414971468, 0.827300012132766 ], [ -75.802497863452487, 0.847599983695973 ], [ -75.802497864869466, 0.860300005157519 ], [ -75.82900238131711, 0.877099989904516 ], [ -75.831901550162684, 0.877099990616149 ], [ -75.836502074580608, 0.877200007790117 ], [ -75.842300415878157, 0.876600027628187 ], [ -75.853202819531319, 0.872600019693269 ], [ -75.861297607363369, 0.869199992398077 ], [ -75.874496460330789, 0.870400010745975 ], [ -75.882598876169723, 0.880800007704 ], [ -75.893600464256437, 0.89939999491114 ], [ -75.909202576341855, 0.91790002595174 ], [ -75.92420196618238, 0.931299985069412 ], [ -75.932197571589882, 0.949199974851188 ], [ -75.94550323566699, 0.967199981441672 ], [ -75.966796874156955, 0.975899993662133 ], [ -75.96340179523115, 0.98689997151847 ], [ -75.943199158897102, 0.988499999956329 ], [ -75.936897278126509, 0.994799972594581 ], [ -75.944396972021266, 1.003000020060011 ], [ -75.939201354652468, 1.009299992569165 ], [ -75.953002928763652, 1.019199968534388 ], [ -75.962799073455884, 1.019199968344382 ], [ -75.969703673409782, 1.020400046978118 ], [ -75.978996276360846, 1.033100008057779 ], [ -75.987098694080402, 1.038400052846307 ], [ -75.998001097476546, 1.046499967713884 ], [ -76.004402159881948, 1.054600001242401 ], [ -76.010101317742638, 1.052899956299039 ], [ -76.013000487443563, 1.043099999909797 ], [ -76.006103516508176, 1.034399986146523 ], [ -76.003799438381193, 1.027500032426877 ], [ -76.013603210073725, 1.029800057777029 ], [ -76.024497985264048, 1.039700031992311 ], [ -76.042999267391039, 1.039199948581683 ], [ -76.054496766343348, 1.039199949137313 ], [ -76.066596984711055, 1.03760004137901 ], [ -76.079299927010027, 1.037600039540331 ], [ -76.089103698257929, 1.037700056237252 ], [ -76.103500365671508, 1.046399949860083 ], [ -76.111602783562404, 1.044100045065344 ], [ -76.112098693787217, 1.04929995542006 ], [ -76.117897033379961, 1.056300043250843 ], [ -76.123703002537383, 1.070099949527077 ], [ -76.135200499961257, 1.078899979945191 ], [ -76.153701783235547, 1.092200040181583 ], [ -76.16580200135121, 1.105599998869169 ], [ -76.172698974041481, 1.114799975587302 ], [ -76.177902220766185, 1.103299976394367 ], [ -76.19170379670301, 1.097599983920066 ], [ -76.203300475393718, 1.096500039217631 ], [ -76.215896607381652, 1.098799944345251 ], [ -76.217102051602538, 1.105800032378027 ], [ -76.213600159536227, 1.118999956995711 ], [ -76.214202881316638, 1.131199956884326 ], [ -76.209602356759234, 1.142699957864704 ], [ -76.20330047723904, 1.151299952478177 ], [ -76.205596923187386, 1.163499951770579 ], [ -76.20500183031497, 1.1692999592414 ], [ -76.205596922851271, 1.175600052736661 ], [ -76.217697144173869, 1.181399942358889 ], [ -76.226898193462134, 1.179200052475908 ], [ -76.238998413472174, 1.172899962188074 ], [ -76.256301879838574, 1.165400027013415 ], [ -76.271301269984647, 1.161399959836926 ], [ -76.274803161040239, 1.169499993224474 ], [ -76.275398254119764, 1.210600018815615 ], [ -76.277099608503804, 1.219799994364347 ], [ -76.284599304557588, 1.239500044984461 ], [ -76.302497864357164, 1.260900021264066 ], [ -76.312896728518879, 1.28349995589019 ], [ -76.310600281130306, 1.30139994547625 ], [ -76.298500061927541, 1.317499994525925 ], [ -76.286399842499847, 1.335399984309606 ], [ -76.284698486496097, 1.351500033907067 ], [ -76.274902342929906, 1.366500019968096 ], [ -76.268600464121391, 1.376899957522674 ], [ -76.249000549881757, 1.393000007189314 ], [ -76.237396240367275, 1.413699985058918 ], [ -76.235099792546023, 1.425799965128367 ], [ -76.235198973473402, 1.432199956157369 ], [ -76.230598450626729, 1.455299972919588 ], [ -76.222503661188682, 1.468000053393793 ], [ -76.195396422310239, 1.502500056939231 ], [ -76.184501648326545, 1.52380001637015 ], [ -76.17240142772286, 1.527199983409191 ], [ -76.168899535716832, 1.52719998244677 ], [ -76.162002564621943, 1.526600002487508 ], [ -76.158500672092401, 1.52660000255929 ], [ -76.152801514831623, 1.522500037126125 ], [ -76.142402648099207, 1.511500001402978 ], [ -76.13659667937803, 1.50460004704282 ], [ -76.134803772052592, 1.499715566460603 ], [ -76.133659362950894, 1.496598720844208 ], [ -76.132507324583784, 1.493471265888804 ], [ -76.1193008428003, 1.497599959517472 ], [ -76.116996764151367, 1.497599959433319 ], [ -76.10839843802556, 1.501000047029559 ], [ -76.097396850414256, 1.503299950488134 ], [ -76.079002380350587, 1.509500026401483 ], [ -76.067497253441914, 1.512400030557977 ], [ -76.038101195419145, 1.521499991774096 ], [ -76.021896362785228, 1.526600003254005 ], [ -76.006896973507907, 1.541000009082317 ], [ -75.996002197694168, 1.554200053937487 ], [ -75.979301451923604, 1.572100043203724 ], [ -75.969497681004356, 1.588199974149282 ], [ -75.959701537165927, 1.599099994261295 ], [ -75.94010162408695, 1.611799955609345 ], [ -75.928596495481329, 1.623800039005818 ], [ -75.914802550460863, 1.633000016819916 ], [ -75.899803162437323, 1.643399952741237 ], [ -75.892303466798069, 1.648499965581707 ], [ -75.880798340330529, 1.652500033713243 ], [ -75.8681030261384, 1.660599947720235 ], [ -75.870399475266396, 1.670400022997657 ], [ -75.86519622915209, 1.676100016038646 ], [ -75.859397888700613, 1.684800028664284 ], [ -75.855400085941071, 1.692899942590054 ], [ -75.853103636843116, 1.699200034127451 ], [ -75.843299866502051, 1.720499993166098 ], [ -75.836997986934335, 1.736099957331626 ], [ -75.831840516231551, 1.746188402520327 ], [ -75.826103210905316, 1.757400035952497 ], [ -75.818000794342339, 1.763200043725218 ], [ -75.814002991146992, 1.769500017812466 ], [ -75.804199218491419, 1.781000019325497 ], [ -75.796096801983694, 1.789100050325151 ], [ -75.79209900003616, 1.789100051679855 ], [ -75.789802552194644, 1.791900039338681 ], [ -75.786903380948942, 1.798300028886793 ], [ -75.778800963843082, 1.803400038738101 ], [ -75.777099608875616, 1.815000058180581 ], [ -75.763801573669255, 1.834599972593101 ], [ -75.756896973334634, 1.853600026196275 ], [ -75.737899781392727, 1.873200058100053 ], [ -75.720252991157935, 1.88530290217242 ], [ -75.713699340153468, 1.889799952167345 ], [ -75.712600707143054, 1.892099975888032 ], [ -75.701103209523254, 1.904199958632417 ], [ -75.691802979194122, 1.911700011312754 ], [ -75.679702759821325, 1.922600031826601 ], [ -75.654998779754436, 1.935799956317753 ], [ -75.631896972507406, 1.946099996311124 ], [ -75.605400085515214, 1.956400036223681 ], [ -75.58580017095214, 1.967200041620398 ], [ -75.581199646505766, 1.97819995996162 ], [ -75.575996398537995, 1.994899987253108 ], [ -75.57309722924505, 2.008199930924029 ], [ -75.571403502460512, 2.016900063693968 ], [ -75.547798157397537, 2.056600094699955 ], [ -75.546699525037894, 2.058300017957333 ], [ -75.542602538261121, 2.060100078987694 ], [ -75.541496276781601, 2.064699887913372 ], [ -75.53510284464349, 2.074500084228816 ], [ -75.528800964076311, 2.083699941993992 ], [ -75.522499084791662, 2.096400023382726 ], [ -75.516700744339985, 2.105000018076892 ], [ -75.511497496484665, 2.114200115101513 ], [ -75.505798339600574, 2.125799893774207 ], [ -75.503501892099635, 2.136100054583668 ], [ -75.489601135398729, 2.157500027971635 ], [ -75.487899779802518, 2.15919995276822 ], [ -75.483901977175222, 2.163199901347463 ], [ -75.482101439863001, 2.16729998652673 ], [ -75.478103636629967, 2.175899982103903 ], [ -75.47239685106473, 2.182800055126026 ], [ -75.468299866550154, 2.190900088280126 ], [ -75.457397461108101, 2.198899984158393 ], [ -75.4476013195371, 2.209300041092486 ], [ -75.43489837757032, 2.226500034357498 ], [ -75.433799744070285, 2.230000018541793 ], [ -75.432601929840303, 2.232300041926264 ], [ -75.42510223302412, 2.240400076163443 ], [ -75.418800353631696, 2.246700048559562 ], [ -75.405502319917872, 2.259299993821433 ], [ -75.391098023495275, 2.270800113064369 ], [ -75.388801575761576, 2.274300097276118 ], [ -75.388298033653157, 2.278899907870922 ], [ -75.383598328829251, 2.280100106034791 ], [ -75.371498108449899, 2.291599988596062 ], [ -75.367500304433307, 2.300800084829364 ], [ -75.359397887352173, 2.308300018241066 ], [ -75.343902587258185, 2.323800086688967 ], [ -75.327796936997018, 2.345700024421699 ], [ -75.304275511790863, 2.36857438083468 ], [ -75.302398682582563, 2.370399951652355 ], [ -75.301300047654607, 2.37619996120564 ], [ -75.297798157519324, 2.387099980456673 ], [ -75.29440307556267, 2.401000023879256 ], [ -75.294403075307287, 2.420000077119849 ], [ -75.290298461310755, 2.441999911549075 ], [ -75.281700133277454, 2.473099945826172 ], [ -75.273696898788288, 2.49329996143805 ], [ -75.264999389098634, 2.509399891672831 ], [ -75.25520324709052, 2.520999908527643 ], [ -75.241401672357284, 2.537100075496872 ], [ -75.234497070428631, 2.537600040973394 ], [ -75.214302062017069, 2.51909995078868 ], [ -75.211997985473474, 2.50580000973023 ], [ -75.210800171888536, 2.498800039122652 ], [ -75.206199645685672, 2.485500097225331 ], [ -75.194702149222621, 2.480900049375486 ], [ -75.178001403217138, 2.487099886670915 ], [ -75.162399291238899, 2.495699881810236 ], [ -75.146797180148752, 2.506599902641365 ], [ -75.133003234463217, 2.514699936368451 ], [ -75.113998412329792, 2.531899928923504 ], [ -75.09329986626939, 2.545700072268978 ], [ -75.052902221743565, 2.575000048817061 ], [ -75.029296874429036, 2.599100114114955 ], [ -75.016098021303137, 2.606600046669156 ], [ -75.009101866518478, 2.619899987259008 ], [ -75.012001037361813, 2.634299992427293 ], [ -75.01899719338931, 2.64989995896623 ], [ -75.029296873799154, 2.662100076718986 ], [ -75.041496276870021, 2.677200079726286 ], [ -75.051803589485488, 2.700900078194322 ], [ -75.065696715593717, 2.719399929381465 ], [ -75.068603515768075, 2.72059988901107 ], [ -75.076103211567187, 2.730499982090223 ], [ -75.079498290818279, 2.735699892491604 ], [ -75.081298827303186, 2.744299888154075 ], [ -75.077796936287641, 2.755899905939486 ], [ -75.06860351524179, 2.765700101416421 ], [ -75.05529785179742, 2.777699948309743 ], [ -75.040397645046738, 2.792099953075081 ], [ -75.038101196615372, 2.798500059866951 ], [ -75.030601500981405, 2.807699917970917 ], [ -75.002296448638234, 2.838200092825834 ], [ -74.988502503293844, 2.856600046472703 ], [ -74.968902587051303, 2.875600099372474 ], [ -74.955101013836469, 2.888799906137026 ], [ -74.944702147446151, 2.903199911848955 ], [ -74.938400268830861, 2.917599916294086 ], [ -74.932701111230244, 2.934900046147597 ], [ -74.920600891877399, 2.944099903565883 ], [ -74.915901183164394, 2.940599918439664 ], [ -74.896301270454657, 2.931900023562276 ], [ -74.887100218805514, 2.924299955243287 ], [ -74.873802186029977, 2.916800021157969 ], [ -74.858901978508996, 2.911499976259316 ], [ -74.845001220206399, 2.906199931747321 ], [ -74.827697754281317, 2.898699997703708 ], [ -74.814498900624898, 2.897500038652713 ], [ -74.764900208117425, 2.872999905812583 ], [ -74.745796202642296, 2.860199928467585 ], [ -74.723297119674882, 2.843899965971734 ], [ -74.693397522516506, 2.832799912519571 ], [ -74.667396544730636, 2.819400071697394 ], [ -74.646697997057672, 2.801399947067092 ], [ -74.628799438226807, 2.792700052018468 ], [ -74.609199523074366, 2.778800009934689 ], [ -74.604598998716369, 2.766599892832365 ], [ -74.604499817496134, 2.747600078983968 ], [ -74.604499816596402, 2.715199947274052 ], [ -74.604499816316121, 2.693799972822982 ], [ -74.605102539211359, 2.667799949483339 ], [ -74.61599731518514, 2.648200036195296 ], [ -74.62470245414697, 2.634999991566973 ], [ -74.640800475632204, 2.615999937994161 ], [ -74.652900694955264, 2.601599932731435 ], [ -74.661499022448666, 2.592999934633316 ], [ -74.67299652120029, 2.575700043682103 ], [ -74.683403015612711, 2.555000065675993 ], [ -74.691497803345953, 2.536499977169083 ], [ -74.695503235356881, 2.518599986098002 ], [ -74.692596436502612, 2.497800111869246 ] ] ] } },
{ "type": "Feature", "properties": { "DPTO": "19", "NOMBRE_DPT": "CAUCA", "AREA": 29742787301.199001, "PERIMETER": 1243388.952, "HECTARES": 2974278.73 }, "geometry": { "type": "MultiPolygon", "coordinates": [ [ [ [ -78.211624145181958, 2.975113868815045 ], [ -78.248901367540867, 2.956473350449321 ], [ -78.267547607346174, 2.97977375934669 ], [ -78.267547607645582, 3.003074168957839 ], [ -78.25356292694461, 3.021714210992607 ], [ -78.230262756003683, 3.045014619540712 ], [ -78.206962585325854, 3.054334878404615 ], [ -78.188323974777532, 3.054334878432535 ], [ -78.206962585079722, 3.021714210486117 ], [ -78.211624145181958, 2.975113868815045 ] ] ], [ [ [ -76.392997742229397, 3.282999992859714 ], [ -76.374603271743922, 3.275399923231237 ], [ -76.355499267179141, 3.275899887149799 ], [ -76.3387985223995, 3.275300025659682 ], [ -76.320396422886418, 3.275199889661832 ], [ -76.311096191704792, 3.275099992457054 ], [ -76.284599304266777, 3.275000094954265 ], [ -76.259803772325711, 3.273799896687715 ], [ -76.246597289706401, 3.269700050616096 ], [ -76.240798949826413, 3.262099980880817 ], [ -76.234497070367226, 3.253400086855725 ], [ -76.224700927325372, 3.246500015614525 ], [ -76.205596924119092, 3.234800100318122 ], [ -76.181396484277215, 3.225500106970546 ], [ -76.165298461740932, 3.217299938592186 ], [ -76.152603149437027, 3.213200091836693 ], [ -76.142799377825796, 3.212599992496829 ], [ -76.127799987871313, 3.210299968231251 ], [ -76.117996215669748, 3.209599972256729 ], [ -76.109901427848527, 3.209000110655658 ], [ -76.106498718528869, 3.209000110654869 ], [ -76.102401732869254, 3.209000110470918 ], [ -76.09714508056777, 3.208592653649622 ], [ -76.098480225086462, 3.202497720197889 ], [ -76.097198486531155, 3.186399936544452 ], [ -76.09549713193141, 3.171999931190941 ], [ -76.095954895147685, 3.168044090479255 ], [ -76.096099853354517, 3.166800021866685 ], [ -76.100097656194023, 3.163899898852109 ], [ -76.099502563221336, 3.143699884719417 ], [ -76.100097656550716, 3.129800081731525 ], [ -76.100700378609446, 3.11710000096264 ], [ -76.099502564036811, 3.107899904823998 ], [ -76.100601196016896, 3.092299938702317 ], [ -76.098297119700135, 3.079600095408188 ], [ -76.094299316177242, 3.067399978327538 ], [ -76.092002868633585, 3.059299945271801 ], [ -76.083900451892248, 3.047199964909133 ], [ -76.082199096680014, 3.037899971086871 ], [ -76.079803466828963, 3.029799938284462 ], [ -76.075798034706196, 3.026900052431356 ], [ -76.073501586664648, 3.023999929261064 ], [ -76.067199706677783, 3.01130008740102 ], [ -76.057403564839248, 3.000299930315891 ], [ -76.053901672599906, 2.998500108202232 ], [ -76.034301758401426, 2.991499900276562 ], [ -76.021598816048552, 2.984499931485801 ], [ -76.018699646304668, 2.980499983157678 ], [ -76.013496398691274, 2.975800037921563 ], [ -76.004898071313448, 2.968899965843874 ], [ -76.007202148486243, 2.956799983863362 ], [ -76.006599426358136, 2.942899942639391 ], [ -76.006599426578504, 2.936000108953239 ], [ -76.00720214839599, 2.926100015312163 ], [ -76.008132934345241, 2.90760612540349 ], [ -76.00859069859456, 2.904238700487754 ], [ -76.008903503656882, 2.901900053151726 ], [ -76.00830078138334, 2.897799968680646 ], [ -76.008300780708993, 2.870100021763465 ], [ -76.004798889296964, 2.840600013206846 ], [ -75.997299194517012, 2.821000098910377 ], [ -75.989799499633321, 2.804199933400402 ], [ -75.989196777444235, 2.787400007440169 ], [ -75.984596252149217, 2.775300025796228 ], [ -75.983062744102924, 2.770458222000915 ], [ -75.977096557036859, 2.751600027343661 ], [ -75.972999572486458, 2.741699934181761 ], [ -75.961502074945813, 2.717400074447095 ], [ -75.954002380144104, 2.696000098899419 ], [ -75.943000793915246, 2.669399976159398 ], [ -75.930900574210824, 2.648600101942263 ], [ -75.918197632200162, 2.63350009872599 ], [ -75.902603149843671, 2.610899925766699 ], [ -75.890502929296161, 2.596999884186882 ], [ -75.888198852276787, 2.573899983889427 ], [ -75.882400512794632, 2.555900096880131 ], [ -75.878402709522533, 2.543800115868549 ], [ -75.872596740626207, 2.531599997876801 ], [ -75.864501953288382, 2.524100065177503 ], [ -75.861099242908949, 2.511399984724479 ], [ -75.861099243335516, 2.505000114447483 ], [ -75.861099243508804, 2.495800018610788 ], [ -75.855300902966832, 2.476099968427196 ], [ -75.852996826321501, 2.47259998269219 ], [ -75.849502563487263, 2.461600064772982 ], [ -75.84780120849733, 2.457600116634086 ], [ -75.8500976556669, 2.450099944740615 ], [ -75.853500366595256, 2.448999881981127 ], [ -75.858703613377457, 2.448999881517059 ], [ -75.866798401227911, 2.447900057259802 ], [ -75.873100280794162, 2.442699908810321 ], [ -75.880599975873267, 2.431699990818992 ], [ -75.89099884055733, 2.421999931333028 ], [ -75.912902831591495, 2.414499997609278 ], [ -75.918098449761828, 2.414599896033328 ], [ -75.928497314907631, 2.41580009520108 ], [ -75.938301085950542, 2.423899889521371 ], [ -75.949798584461774, 2.42860007285658 ], [ -75.950996399117528, 2.443000077619682 ], [ -75.957298278845187, 2.460900068876013 ], [ -75.970001221023509, 2.464499950793253 ], [ -75.97979736386317, 2.469099999033417 ], [ -75.981498718359589, 2.471999883768232 ], [ -75.993103027885155, 2.475500106900749 ], [ -76.001701355025531, 2.479000091643867 ], [ -76.011497497485408, 2.482500076091028 ], [ -76.027099609505868, 2.486599922735468 ], [ -76.040901184522383, 2.484999895340889 ], [ -76.058799743343599, 2.480999946818947 ], [ -76.075500487696104, 2.468899964774671 ], [ -76.082397461469625, 2.449300051331719 ], [ -76.091598510525699, 2.42919993449902 ], [ -76.096199035744931, 2.418800115309486 ], [ -76.111198425586153, 2.401499986645834 ], [ -76.127296447660669, 2.390000104618809 ], [ -76.138298034174824, 2.383100032791937 ], [ -76.153297424455459, 2.379199981832212 ], [ -76.16590118352994, 2.377500057427375 ], [ -76.185501098581852, 2.374700070022828 ], [ -76.2080001833083, 2.382899999424346 ], [ -76.219596863124067, 2.390399932988794 ], [ -76.231101989927396, 2.393399953662942 ], [ -76.243202210076817, 2.393399954144571 ], [ -76.250099181679886, 2.398600101771718 ], [ -76.260498047339368, 2.39930009842907 ], [ -76.274902344166222, 2.401599884423217 ], [ -76.282402038144454, 2.400500059071512 ], [ -76.289901733471083, 2.399399995243512 ], [ -76.303199768527051, 2.397099972164975 ], [ -76.310096740911789, 2.394299983426552 ], [ -76.31410217319565, 2.386199951244954 ], [ -76.315803528203816, 2.379800081468765 ], [ -76.316398620506263, 2.374099970082358 ], [ -76.317001343100998, 2.363699912520826 ], [ -76.31624603224877, 2.355619192457976 ], [ -76.315200805788393, 2.350399971487202 ], [ -76.317497253245989, 2.339999914041656 ], [ -76.322700500175969, 2.330199956308216 ], [ -76.322700500957495, 2.319200038620223 ], [ -76.324401856022561, 2.310600042839035 ], [ -76.344001770194325, 2.304899931326025 ], [ -76.358398438056184, 2.302599907242181 ], [ -76.364196777058893, 2.301500082613551 ], [ -76.376296996934315, 2.30150008255578 ], [ -76.385498046922535, 2.301000117948433 ], [ -76.393600463476758, 2.29760003031007 ], [ -76.402198791296186, 2.295900106202819 ], [ -76.406303405631604, 2.294199943996266 ], [ -76.417800903528487, 2.275700092150328 ], [ -76.417800903755818, 2.265899896237277 ], [ -76.414299010635304, 2.257800102209673 ], [ -76.408599852928916, 2.253700018486082 ], [ -76.401100158225347, 2.238100052069746 ], [ -76.398200988338019, 2.233999968178033 ], [ -76.393600464084329, 2.233999968110593 ], [ -76.387199401757996, 2.234600066608717 ], [ -76.383201599581128, 2.234600067724561 ], [ -76.380897521523053, 2.229899882689609 ], [ -76.3803024294821, 2.217799902418367 ], [ -76.384902954073155, 2.201600074915895 ], [ -76.386001586814899, 2.195899962952566 ], [ -76.384902953863943, 2.192399978887633 ], [ -76.374496459471203, 2.184299946382643 ], [ -76.368202209202451, 2.178999901380574 ], [ -76.36530303915886, 2.166899919696599 ], [ -76.362998962316539, 2.155299902249183 ], [ -76.362998962630911, 2.144399881806097 ], [ -76.364700317878103, 2.137399911606154 ], [ -76.36530303903821, 2.130500078578475 ], [ -76.365303039783413, 2.125900030061425 ], [ -76.372200012707822, 2.115499973023943 ], [ -76.374496459510382, 2.10859990098519 ], [ -76.37729644826706, 2.107500076145648 ], [ -76.384803771522073, 2.104000091295354 ], [ -76.398101806551338, 2.09479999577316 ], [ -76.403297423903552, 2.092000007815378 ], [ -76.405601501161698, 2.085099936051961 ], [ -76.411300659150939, 2.076400041018185 ], [ -76.42060089062943, 2.074100017002849 ], [ -76.425697327231418, 2.072999953839634 ], [ -76.436698914125159, 2.072499990436189 ], [ -76.449401855977783, 2.079499959393598 ], [ -76.47250366209478, 2.093400001299588 ], [ -76.491500854275174, 2.103899955899501 ], [ -76.504699707561755, 2.113199949106195 ], [ -76.518600464309444, 2.118999957700162 ], [ -76.527801513277481, 2.124300003290117 ], [ -76.541603088547774, 2.128400087561613 ], [ -76.560699463391529, 2.133100032959802 ], [ -76.569900512577306, 2.132499933014448 ], [ -76.582000732475663, 2.131400108774485 ], [ -76.584297180775792, 2.130899905597443 ], [ -76.593002319054065, 2.128599882512003 ], [ -76.602699279282902, 2.125699997375979 ], [ -76.609100341792896, 2.123500109083742 ], [ -76.619499206116217, 2.119999886029165 ], [ -76.629798889053561, 2.112600088509385 ], [ -76.637298583971258, 2.100500106240124 ], [ -76.640197754164106, 2.088900089161862 ], [ -76.639602661323423, 2.075599908362061 ], [ -76.63559722846729, 2.068099975639841 ], [ -76.631500244024096, 2.059400081873768 ], [ -76.628700256367225, 2.056499957993703 ], [ -76.628097534168134, 2.053600072368425 ], [ -76.62519836386187, 2.043200015581024 ], [ -76.625801085890302, 2.034600018891161 ], [ -76.627502441259495, 2.02530002651673 ], [ -76.6262969970347, 2.013799905475606 ], [ -76.622901916259437, 2.004499912467506 ], [ -76.619598388395346, 1.987040996496859 ], [ -76.620498657242692, 1.978500009076306 ], [ -76.629699706709772, 1.958899975297933 ], [ -76.628601074173929, 1.942700028044125 ], [ -76.628601073643651, 1.934100031677862 ], [ -76.626296996568428, 1.916200041647653 ], [ -76.624496459514887, 1.906900048354202 ], [ -76.622802734767717, 1.898800015500571 ], [ -76.622802734579921, 1.893000006137587 ], [ -76.618202209485304, 1.880300044479398 ], [ -76.612396240697763, 1.864699959605828 ], [ -76.608901977370849, 1.862900019160588 ], [ -76.595703125220524, 1.86059999509876 ], [ -76.584701538152032, 1.861099958085975 ], [ -76.575500488578797, 1.862200021786731 ], [ -76.562202453715713, 1.86450004597151 ], [ -76.54669952360851, 1.865000009077109 ], [ -76.52420043917644, 1.852200031531498 ], [ -76.504600525016713, 1.837700009234965 ], [ -76.492500304856961, 1.819700002766917 ], [ -76.476898193121002, 1.796000003875409 ], [ -76.470497130897257, 1.781499981985496 ], [ -76.469398498191993, 1.765900015614922 ], [ -76.472297668281115, 1.751500010878264 ], [ -76.472198486171195, 1.724300026988151 ], [ -76.467597961591565, 1.704699993589142 ], [ -76.469299316591645, 1.688500046599349 ], [ -76.473396301383445, 1.667700052386905 ], [ -76.475097655752961, 1.651000022658849 ], [ -76.459503173380327, 1.627200007055322 ], [ -76.446800232111585, 1.616199970703012 ], [ -76.434700011715165, 1.613299966066921 ], [ -76.423202514753314, 1.609200000227947 ], [ -76.398399352738593, 1.606199980346198 ], [ -76.371902466081949, 1.600299954036649 ], [ -76.347702025960075, 1.594400047805601 ], [ -76.334999084908972, 1.588000059218462 ], [ -76.33209991480571, 1.585100054786245 ], [ -76.323997497470728, 1.567199946025664 ], [ -76.312499999525656, 1.545699954539242 ], [ -76.301498413021292, 1.52839994386229 ], [ -76.285896301001671, 1.513900041760526 ], [ -76.275276184540729, 1.511844396998513 ], [ -76.270401000597445, 1.510900021152131 ], [ -76.254203796442255, 1.51660001268503 ], [ -76.237503052171775, 1.523499966078116 ], [ -76.224800110179402, 1.528599978059527 ], [ -76.213302612262808, 1.533200025576592 ], [ -76.192001342714335, 1.537099958041972 ], [ -76.189697265185487, 1.536000013507179 ], [ -76.180397034029184, 1.532500028132593 ], [ -76.17240142768155, 1.527199984193222 ], [ -76.184501647697701, 1.523800015961482 ], [ -76.195396422862004, 1.502500056759701 ], [ -76.222503662208084, 1.468000054443864 ], [ -76.230598449600095, 1.455299973649404 ], [ -76.235198974401712, 1.432199954450642 ], [ -76.235099792961137, 1.425799965723063 ], [ -76.237396240715086, 1.413699984626535 ], [ -76.249000549177509, 1.393000006587147 ], [ -76.268600464094249, 1.376899957240138 ], [ -76.274902344346273, 1.366500020305769 ], [ -76.284698486033278, 1.351500033780425 ], [ -76.286399841106928, 1.33539998546209 ], [ -76.29850006074453, 1.317499995557349 ], [ -76.310600280902804, 1.301399945670048 ], [ -76.312896728429607, 1.283499955635473 ], [ -76.302497863320667, 1.260900020088791 ], [ -76.284599304584489, 1.239500045517297 ], [ -76.277099609839439, 1.219799995109628 ], [ -76.275398254546175, 1.210600018767461 ], [ -76.274803162185336, 1.169499993049844 ], [ -76.271301269188612, 1.16139996048978 ], [ -76.256301879326131, 1.165400028787216 ], [ -76.238998413566605, 1.172899962011964 ], [ -76.226898193020489, 1.17920005326139 ], [ -76.21769714377227, 1.181399941353652 ], [ -76.205596923565253, 1.175600052287826 ], [ -76.205001830579789, 1.169299959740622 ], [ -76.205596924249264, 1.16349995089982 ], [ -76.203300476013652, 1.151299953166213 ], [ -76.209602356111134, 1.142699957082024 ], [ -76.214202881153881, 1.13119995651325 ], [ -76.213600159061571, 1.118999958550853 ], [ -76.217102050580877, 1.105800032289447 ], [ -76.215896606694713, 1.098799944106878 ], [ -76.203300476520837, 1.096500039546787 ], [ -76.191703796767825, 1.097599983748297 ], [ -76.177902222245535, 1.103299975975796 ], [ -76.172698974576761, 1.114799975802851 ], [ -76.165802002119207, 1.10559999985476 ], [ -76.153701781781876, 1.092200041250766 ], [ -76.135200500120661, 1.078899979779654 ], [ -76.123703002482102, 1.070099950381326 ], [ -76.117897033412873, 1.056300044644497 ], [ -76.112098693642977, 1.049299955910108 ], [ -76.111602783666228, 1.044100046286722 ], [ -76.103500366098402, 1.046399950991445 ], [ -76.105201721205219, 1.038900017175015 ], [ -76.101196288677457, 1.031900048235638 ], [ -76.094299316650662, 1.018599987178372 ], [ -76.108100891425138, 1.011700033899518 ], [ -76.1231002805971, 1.01180005131651 ], [ -76.124198913925113, 0.996200024770953 ], [ -76.138099669812718, 0.996800005281249 ], [ -76.150199889589928, 0.998600006116611 ], [ -76.160499573304662, 1.004400015484455 ], [ -76.172698974506403, 1.010300040643073 ], [ -76.19460296611669, 1.014999985467558 ], [ -76.19860076910976, 1.006899953381103 ], [ -76.212997435955373, 1.006399988592563 ], [ -76.22509765620201, 0.993200003788228 ], [ -76.218200684017731, 0.978699982211535 ], [ -76.223396300775448, 0.975300014541472 ], [ -76.241203308652743, 0.969600022093668 ], [ -76.262603759551141, 0.96329998926101 ], [ -76.269996642528241, 0.962700009410333 ], [ -76.292503357044424, 0.966899990515804 ], [ -76.310401916146773, 0.957700014199162 ], [ -76.325996398649011, 0.953700005589811 ], [ -76.36289978028681, 0.964900016399753 ], [ -76.385299682824453, 0.968400001808684 ], [ -76.405502319492925, 0.968500017910657 ], [ -76.427398682027203, 0.96920001503122 ], [ -76.439498901129497, 0.969200015606204 ], [ -76.454498290956408, 0.976199984128892 ], [ -76.480499267864857, 0.991900026938872 ], [ -76.497802733834888, 0.998399973416557 ], [ -76.522598266875377, 1.014099955333743 ], [ -76.543296813968027, 1.026299953914331 ], [ -76.555969238303007, 1.031807184298718 ], [ -76.564697265336235, 1.035599946747037 ], [ -76.58139801023988, 1.047199965093154 ], [ -76.585403441883159, 1.058200001455647 ], [ -76.588302612092789, 1.075600028183148 ], [ -76.588302612890161, 1.091699957934573 ], [ -76.587799072221074, 1.118899941052052 ], [ -76.581398010504088, 1.143100023287067 ], [ -76.572799682586734, 1.168499946870105 ], [ -76.564201355100209, 1.196799993416219 ], [ -76.562500000056076, 1.218700051648876 ], [ -76.561897278408694, 1.234899997772397 ], [ -76.567100525471119, 1.266100049557018 ], [ -76.578102111627828, 1.316400050691852 ], [ -76.577499390129191, 1.338899970562664 ], [ -76.587898254931645, 1.360900043902548 ], [ -76.60980224618703, 1.383499980138404 ], [ -76.628303527568846, 1.392799973320476 ], [ -76.647903441994089, 1.404500007096961 ], [ -76.661697387747367, 1.409700035654809 ], [ -76.665802001524611, 1.412600040074118 ], [ -76.675598144956894, 1.427099943643136 ], [ -76.685401916181988, 1.427199959439864 ], [ -76.701499938814919, 1.423799991583438 ], [ -76.711898803925521, 1.415099978577872 ], [ -76.725097656568352, 1.403100013804973 ], [ -76.736602783550211, 1.393900036561583 ], [ -76.741798401187438, 1.383499980090729 ], [ -76.745903014649741, 1.374799966658095 ], [ -76.747596741274677, 1.360399961751717 ], [ -76.74870300315456, 1.345399975885835 ], [ -76.753898621142952, 1.334400058346578 ], [ -76.761398315428892, 1.322299957305384 ], [ -76.767097473468482, 1.310799956711034 ], [ -76.782699584546577, 1.29820001143893 ], [ -76.795997619872452, 1.292500018928182 ], [ -76.808601379568998, 1.292500019064027 ], [ -76.817901610856893, 1.29200005591968 ], [ -76.821296691352401, 1.294899940797457 ], [ -76.830497741464185, 1.293799996617472 ], [ -76.835197448564756, 1.293799996932927 ], [ -76.84269714398566, 1.293200016352074 ], [ -76.854637146088606, 1.298922180904772 ], [ -76.862243652820837, 1.302569866469575 ], [ -76.859397888634831, 1.306599974746743 ], [ -76.851898193311314, 1.311800002676733 ], [ -76.83920288115489, 1.328500032978595 ], [ -76.833999633827219, 1.338799953167153 ], [ -76.83399963321088, 1.357900023479027 ], [ -76.83640289271284, 1.37000000512891 ], [ -76.838699341120545, 1.382699966811257 ], [ -76.851402282775311, 1.402999996559237 ], [ -76.861198424719419, 1.415799975353127 ], [ -76.866401672261333, 1.424999952803181 ], [ -76.862899780714997, 1.440000057497618 ], [ -76.858299255068601, 1.44749999064611 ], [ -76.846801758301226, 1.463600039122782 ], [ -76.836997985765535, 1.48039996681018 ], [ -76.833503723206093, 1.490200043098433 ], [ -76.827796936001576, 1.503399968526865 ], [ -76.819702147896166, 1.518399953619282 ], [ -76.816299437892937, 1.545500039976252 ], [ -76.816902160428896, 1.556499957634103 ], [ -76.820297241605914, 1.569200038907332 ], [ -76.825500488226481, 1.580800056894293 ], [ -76.832458496584024, 1.587936163485053 ], [ -76.836502075050589, 1.596500039022467 ], [ -76.853202819833413, 1.600600003954458 ], [ -76.864700317377654, 1.606999993504385 ], [ -76.880302429575352, 1.613399982538142 ], [ -76.894699097014353, 1.622699975935909 ], [ -76.910896301518335, 1.63080000864944 ], [ -76.914901733912714, 1.633200049092298 ], [ -76.928199768249385, 1.642500042378645 ], [ -76.943702697826765, 1.650599956170946 ], [ -76.954696655617511, 1.657600044804626 ], [ -76.966201782367321, 1.664000034462122 ], [ -76.989303589015364, 1.683699964925937 ], [ -77.009498596114298, 1.698300003604396 ], [ -77.018699645983048, 1.70179998921483 ], [ -77.036003112445172, 1.71399998648419 ], [ -77.046997070697827, 1.716300010087512 ], [ -77.052696228500125, 1.712299943195061 ], [ -77.060798645166486, 1.712299943519879 ], [ -77.064201354612848, 1.709499955486212 ], [ -77.067703247608137, 1.704300046233973 ], [ -77.073997497495853, 1.698500036770395 ], [ -77.065399169367439, 1.689299941223756 ], [ -77.098197937204858, 1.685899972562543 ], [ -77.107299804442079, 1.681645512267731 ], [ -77.121299743955845, 1.675099968381793 ], [ -77.125297546069945, 1.675600052429304 ], [ -77.134002686015748, 1.676800012549379 ], [ -77.142601013317517, 1.677999972859658 ], [ -77.154197692615796, 1.679200053002003 ], [ -77.165100097392283, 1.679900050739699 ], [ -77.170303345064937, 1.679900049999651 ], [ -77.180702209765286, 1.67929995105421 ], [ -77.187599181846764, 1.678799986580326 ], [ -77.199096679561592, 1.673099994097325 ], [ -77.21119689903793, 1.670799970985203 ], [ -77.228500366070477, 1.670899987302954 ], [ -77.23770141662186, 1.670899987749229 ], [ -77.239997863470094, 1.669199943659852 ], [ -77.252098082955882, 1.660599947339336 ], [ -77.267097472570995, 1.661200047082001 ], [ -77.276947021705126, 1.671619296631298 ], [ -77.282539368246887, 1.671416997862794 ], [ -77.291297912706668, 1.671100019881523 ], [ -77.298797606829012, 1.665400027710953 ], [ -77.305801391784669, 1.666000008624833 ], [ -77.316703796116769, 1.670699954380332 ], [ -77.32589721691167, 1.672399998160242 ], [ -77.336303710337944, 1.673599957869916 ], [ -77.352996825939016, 1.673699975576586 ], [ -77.36399841307535, 1.683599948879029 ], [ -77.364601135840658, 1.692199945272423 ], [ -77.361701964958925, 1.694000005682277 ], [ -77.347900390650366, 1.708899975394854 ], [ -77.347297668749889, 1.711199998378143 ], [ -77.342697144080802, 1.717000008044632 ], [ -77.337501525434149, 1.721600055392847 ], [ -77.33000183156463, 1.73769998514007 ], [ -77.32479858356109, 1.749300003051724 ], [ -77.323097228508615, 1.760800003870631 ], [ -77.323097228800648, 1.783300042615541 ], [ -77.327697754447087, 1.797199964337488 ], [ -77.32890319823764, 1.812800050216193 ], [ -77.327201843724836, 1.820899963193531 ], [ -77.315696716690809, 1.83529996868284 ], [ -77.312202453929515, 1.848000050082135 ], [ -77.309898377007343, 1.854900002727159 ], [ -77.305297851186367, 1.862400055391056 ], [ -77.292602538551236, 1.873900056277106 ], [ -77.282203674920609, 1.878499985242769 ], [ -77.275901794791508, 1.883100032278671 ], [ -77.266700744282076, 1.900400042284608 ], [ -77.261497498036917, 1.910699963382311 ], [ -77.255203246793471, 1.916499972372361 ], [ -77.242500304604576, 1.924499988167773 ], [ -77.240798950604145, 1.936599969405594 ], [ -77.239814758686308, 1.948904872129402 ], [ -77.239433288123536, 1.953708768483603 ], [ -77.24079894960407, 1.960899948758185 ], [ -77.243865966790139, 1.964288712121414 ], [ -77.246597289846704, 1.967300056854176 ], [ -77.267303466416635, 1.985800027339685 ], [ -77.277099609057984, 1.994600058036561 ], [ -77.287498473981742, 2.00900006336256 ], [ -77.290397644016721, 2.021199941553405 ], [ -77.289299011029286, 2.036799907677746 ], [ -77.290397643569548, 2.04660010301046 ], [ -77.290397643784956, 2.066200018447235 ], [ -77.292198181456897, 2.085900067871183 ], [ -77.304298400801272, 2.108500004285351 ], [ -77.311798095700055, 2.108500004058301 ], [ -77.323303223229829, 2.108500003459992 ], [ -77.327903747442193, 2.102799892508677 ], [ -77.331398010681312, 2.095299959546325 ], [ -77.333702086879029, 2.087800026151431 ], [ -77.341201782709987, 2.084899901775926 ], [ -77.356697082178243, 2.08439993889739 ], [ -77.363601684777763, 2.089600086680947 ], [ -77.367103576333477, 2.100100040600969 ], [ -77.367698669869029, 2.107599973431085 ], [ -77.371696472754948, 2.119100094089228 ], [ -77.372901915969877, 2.138799905721616 ], [ -77.379798889002316, 2.159600019080543 ], [ -77.380996704461822, 2.165400028471208 ], [ -77.382698058994308, 2.175199985091568 ], [ -77.382102966350217, 2.184499978981959 ], [ -77.38909912117991, 2.195499897070868 ], [ -77.397697448806653, 2.209399938298156 ], [ -77.400001526445081, 2.21169996279697 ], [ -77.406997680851404, 2.213399886687554 ], [ -77.40908813455458, 2.213419199205804 ], [ -77.417900085403701, 2.213500023346274 ], [ -77.428901672605178, 2.213000059656023 ], [ -77.443801880417482, 2.213000058897846 ], [ -77.454200744475955, 2.207299948072691 ], [ -77.460601807194152, 2.204400062343585 ], [ -77.47209930433533, 2.199300050216023 ], [ -77.491096496684449, 2.197599887391059 ], [ -77.506103515883296, 2.192500114601154 ], [ -77.531997680195374, 2.190299987622053 ], [ -77.558502197304165, 2.189199924466575 ], [ -77.577598571619717, 2.18759989731719 ], [ -77.596603393146339, 2.18770003294539 ], [ -77.619102477476929, 2.188299894030008 ], [ -77.629997253254956, 2.188400029916509 ], [ -77.642700195129606, 2.190200089938774 ], [ -77.657096863300779, 2.197200059403185 ], [ -77.678497314022323, 2.208800077771763 ], [ -77.695198059076205, 2.220400094756727 ], [ -77.727500915285006, 2.241400003935853 ], [ -77.748802184487673, 2.253000021254663 ], [ -77.756896972313911, 2.259999990423248 ], [ -77.768997192706081, 2.274399995740305 ], [ -77.774803161683224, 2.291199922538386 ], [ -77.774803161494972, 2.302200078996174 ], [ -77.774803161462771, 2.321799994023434 ], [ -77.792098999574307, 2.341599940691439 ], [ -77.807098389231086, 2.356600046309927 ], [ -77.836502074929541, 2.392600059372042 ], [ -77.842903137749119, 2.404099941372594 ], [ -77.867698669670631, 2.429699897666593 ], [ -77.881500244071304, 2.449399948532875 ], [ -77.898200988662495, 2.465600013519093 ], [ -77.911499023502856, 2.487600088160286 ], [ -77.925903320275523, 2.500400066955776 ], [ -77.939796447720553, 2.52069997759626 ], [ -77.954200745102014, 2.537499904334442 ], [ -77.969802856886986, 2.550199985234805 ], [ -77.978401184096001, 2.564100027138346 ], [ -77.983596802326801, 2.577399969699041 ], [ -77.992797850977425, 2.594199896075245 ], [ -78.001502991232073, 2.609899997682483 ], [ -78.015296936323907, 2.625499963229204 ], [ -78.019401550753585, 2.635400056956729 ], [ -78.026901245661065, 2.659600019565891 ], [ -78.025054931059373, 2.66607189145171 ], [ -78.01999664276083, 2.656699895503647 ], [ -78.010200500752262, 2.648600100983646 ], [ -77.998100280426669, 2.648000001644987 ], [ -77.982498168369389, 2.6582999229764 ], [ -77.986503601435572, 2.673899888799899 ], [ -77.991203308050885, 2.680299996840867 ], [ -77.987701416075538, 2.694700002335882 ], [ -77.976799010725827, 2.708499908464059 ], [ -77.970397948825834, 2.70329999975853 ], [ -77.964103699281623, 2.685400008889779 ], [ -77.958900451827233, 2.677299975873523 ], [ -77.956001281133311, 2.690000056816822 ], [ -77.954902648955809, 2.701499938877387 ], [ -77.953697205077177, 2.722899913716859 ], [ -77.949096679688964, 2.741300106042557 ], [ -77.944503784032463, 2.747100114437044 ], [ -77.932998657296494, 2.738399981981996 ], [ -77.925498962400383, 2.729700088418775 ], [ -77.921997070669704, 2.723900079740268 ], [ -77.911102294355203, 2.720999956066702 ], [ -77.897201538027389, 2.708800076967588 ], [ -77.889701843732453, 2.700700044228938 ], [ -77.881599426188217, 2.690200090028739 ], [ -77.873596191216464, 2.682699918249694 ], [ -77.86949920705257, 2.684999942350417 ], [ -77.869499206267136, 2.694200039249147 ], [ -77.873596190996963, 2.708699941834172 ], [ -77.873596190967291, 2.716799974903904 ], [ -77.868400573452007, 2.734699964074973 ], [ -77.863197326320304, 2.752500056751594 ], [ -77.862701416532047, 2.755399942842902 ], [ -77.861503601070552, 2.766999959422757 ], [ -77.861503601150503, 2.775599956864787 ], [ -77.84770202693997, 2.781399965443508 ], [ -77.827499389914564, 2.788800001109236 ], [ -77.809600830263065, 2.789299964350195 ], [ -77.786598206137981, 2.800699949514668 ], [ -77.777397156242102, 2.806499957738293 ], [ -77.787696837762937, 2.805900096769349 ], [ -77.807296752793178, 2.805999994622312 ], [ -77.818298340008027, 2.814699888375893 ], [ -77.826400757409928, 2.814800023678757 ], [ -77.811401367155128, 2.829699992932991 ], [ -77.801597595343864, 2.841799974088957 ], [ -77.780296325528482, 2.843499898896571 ], [ -77.768203735169806, 2.848000049264303 ], [ -77.760696411250422, 2.861299991518828 ], [ -77.759002685209154, 2.869899988133628 ], [ -77.745101928428198, 2.872800111580537 ], [ -77.729598998800483, 2.874399900632742 ], [ -77.720298766517757, 2.88019990861709 ], [ -77.709999084365705, 2.891099929505276 ], [ -77.703598022520723, 2.899699925790419 ], [ -77.710601806632113, 2.897500038470703 ], [ -77.719802856133384, 2.897500037814471 ], [ -77.730697631524109, 2.897000074360722 ], [ -77.732498168722117, 2.900399923501253 ], [ -77.745697021369736, 2.892999887055708 ], [ -77.752098082903672, 2.899399995618052 ], [ -77.744598389050893, 2.913800000941765 ], [ -77.739997863385227, 2.926500082030041 ], [ -77.736503601609101, 2.937400102771895 ], [ -77.730796813427574, 2.945499896759317 ], [ -77.716400146301723, 2.950599908736449 ], [ -77.708900451814642, 2.96849989840833 ], [ -77.711196899342582, 2.974900007651656 ], [ -77.710601806463913, 2.990499973506741 ], [ -77.709999083977294, 2.996200084568824 ], [ -77.706596374770371, 3.000799894915354 ], [ -77.689300536844357, 3.009399890767061 ], [ -77.69560241683574, 3.011800050838529 ], [ -77.707702637085077, 3.011199951648876 ], [ -77.720397949499898, 3.011300086488082 ], [ -77.722198485764395, 3.018800020465473 ], [ -77.729698180555772, 3.019399881707101 ], [ -77.736602783762194, 3.007299900452165 ], [ -77.745796203929274, 2.992300033751895 ], [ -77.754997253176768, 2.99410009340373 ], [ -77.752700805104823, 3.007400036268717 ], [ -77.743499756004667, 3.017699957177261 ], [ -77.733100891304957, 3.034499883601738 ], [ -77.71929931605969, 3.059200048692964 ], [ -77.713500976061852, 3.072499989887417 ], [ -77.701400756827908, 3.069000005775997 ], [ -77.699699402165265, 3.058000087758047 ], [ -77.699699401364242, 3.048199891724929 ], [ -77.695701599155754, 3.050499916192287 ], [ -77.676101684094959, 3.05669999105322 ], [ -77.654197692934545, 3.069900036349081 ], [ -77.65760040301609, 3.078000068632011 ], [ -77.667999267490188, 3.078099966208863 ], [ -77.687599182486423, 3.078200102104148 ], [ -77.684700011806825, 3.083300114084842 ], [ -77.679496765448434, 3.088500023229795 ], [ -77.676696777697956, 3.092000007744453 ], [ -77.662803649787605, 3.101200104341781 ], [ -77.649002075200258, 3.110300064448809 ], [ -77.643798828317514, 3.11669993432968 ], [ -77.632301330376407, 3.129899978435792 ], [ -77.625396728947806, 3.1386001111717 ], [ -77.61730194126109, 3.154099940923912 ], [ -77.604598998918789, 3.171400070769895 ], [ -77.599998473851301, 3.179500102558401 ], [ -77.591400147012266, 3.188699960767597 ], [ -77.581001282193014, 3.199599981542055 ], [ -77.576400756694341, 3.210000038021733 ], [ -77.566596984497991, 3.220299958662193 ], [ -77.557998657171993, 3.222599982907828 ], [ -77.550498961814895, 3.222599983243097 ], [ -77.537803649646051, 3.222500085961779 ], [ -77.527397156249293, 3.225399970854732 ], [ -77.523399353061734, 3.231699943167257 ], [ -77.517601013065828, 3.23920011480581 ], [ -77.518203735813032, 3.247800112131971 ], [ -77.498596191846303, 3.252399921679793 ], [ -77.495201111420329, 3.253499984528069 ], [ -77.48359680230115, 3.255800008920327 ], [ -77.473297118541694, 3.258100033062436 ], [ -77.465797424101254, 3.260900020458403 ], [ -77.455398559667259, 3.262000083992531 ], [ -77.438697815246158, 3.261399984502875 ], [ -77.426597594918476, 3.25090003048648 ], [ -77.417297363631221, 3.243400096944752 ], [ -77.41159820566935, 3.229500055163016 ], [ -77.40750122073058, 3.21849989865757 ], [ -77.402297973666009, 3.210999965431912 ], [ -77.387298584033232, 3.193599939676524 ], [ -77.379798888603446, 3.178499936977908 ], [ -77.37229919459773, 3.173899888527417 ], [ -77.355598449379897, 3.172100067035755 ], [ -77.33889770489408, 3.175499915636684 ], [ -77.328002929213056, 3.180000066420945 ], [ -77.314697265486586, 3.18230009056283 ], [ -77.304901122574066, 3.179399966958994 ], [ -77.303199767587472, 3.17359995830264 ], [ -77.297996521152456, 3.166100025330055 ], [ -77.29389953588786, 3.15450000796375 ], [ -77.286399841881888, 3.156199931719645 ], [ -77.278900147016486, 3.148699998975736 ], [ -77.270301819183317, 3.140500068917662 ], [ -77.254096984957243, 3.130599975842652 ], [ -77.251800536928542, 3.120199918315315 ], [ -77.254096985120455, 3.104099988836206 ], [ -77.254699707033893, 3.09540009533199 ], [ -77.244903564977704, 3.094199895969261 ], [ -77.232200623120519, 3.098200082947292 ], [ -77.223602294815478, 3.103399991427422 ], [ -77.211502074855261, 3.107899903781745 ], [ -77.198196411590729, 3.10850000423395 ], [ -77.163597106764144, 3.101399899043809 ], [ -77.142898559077494, 3.096100092056794 ], [ -77.130203246926413, 3.092600106990357 ], [ -77.10140228307182, 3.084899902282252 ], [ -77.091003417790915, 3.083699941371771 ], [ -77.074798584561051, 3.080199957468329 ], [ -77.056396484100389, 3.077800035477722 ], [ -77.040199279483943, 3.078299999806077 ], [ -77.02760314951972, 3.085799932477335 ], [ -77.014900207483976, 3.091500044315295 ], [ -77.001602172996982, 3.095499992818917 ], [ -76.994697570761844, 3.096600055282549 ], [ -76.980300903324462, 3.09479999556844 ], [ -76.976303100459688, 3.093100070611534 ], [ -76.968803405997306, 3.086699962540054 ], [ -76.960700988901948, 3.072200059921665 ], [ -76.952003479540309, 3.064100026737548 ], [ -76.94629669192571, 3.069299935885466 ], [ -76.930099487052786, 3.070899963544161 ], [ -76.909400940429194, 3.077800035436935 ], [ -76.899002075581336, 3.078299999409458 ], [ -76.881698608751037, 3.078799963413633 ], [ -76.869598389221593, 3.081099986457545 ], [ -76.842498779012459, 3.08270001426082 ], [ -76.839454651464308, 3.082501649736971 ], [ -76.841400146660249, 3.076900005283417 ], [ -76.82060241729404, 3.078599930401889 ], [ -76.807899475684835, 3.080300092730832 ], [ -76.794700622067424, 3.083699942226107 ], [ -76.785499573255706, 3.087699890188406 ], [ -76.775703430085983, 3.09109997717354 ], [ -76.770500183030279, 3.094000101258271 ], [ -76.760101317791054, 3.093899965443951 ], [ -76.750297546094416, 3.09389996509477 ], [ -76.730697631965825, 3.097300052397002 ], [ -76.704803466588487, 3.101799964729848 ], [ -76.699600219683788, 3.104099988535746 ], [ -76.680603027455078, 3.105700015988245 ], [ -76.669601440029396, 3.111999988837752 ], [ -76.654602051318363, 3.107300042853502 ], [ -76.648803710446487, 3.098599911164366 ], [ -76.642501831574265, 3.097500085738303 ], [ -76.629203796219201, 3.096800088709159 ], [ -76.621200561297186, 3.099699974260235 ], [ -76.617103576224736, 3.105999946441339 ], [ -76.612503052116608, 3.111799955974508 ], [ -76.607398987228365, 3.114099979645947 ], [ -76.601600646587642, 3.115200042471444 ], [ -76.592399597075712, 3.109400033903323 ], [ -76.587699889899866, 3.103600024574552 ], [ -76.57510376033116, 3.098299980140697 ], [ -76.565299987856463, 3.099499941127243 ], [ -76.555999756167097, 3.102900028452132 ], [ -76.552597046315924, 3.108599900954751 ], [ -76.553199768519036, 3.11380004900522 ], [ -76.552597046278407, 3.12080001823704 ], [ -76.552597045566387, 3.128299951651548 ], [ -76.554901123048211, 3.134099960902726 ], [ -76.554901123218315, 3.142699957299913 ], [ -76.550300598075481, 3.143300056853882 ], [ -76.542800903181615, 3.143800020673351 ], [ -76.538200378575013, 3.145499944428822 ], [ -76.534202576190069, 3.147300004516664 ], [ -76.532875060502505, 3.149411201265277 ], [ -76.531303406347405, 3.151900052627858 ], [ -76.52960205064241, 3.161099910887211 ], [ -76.527801513381732, 3.167500019281707 ], [ -76.523803710685968, 3.170900106101921 ], [ -76.523803710707384, 3.179600000108248 ], [ -76.523803711279996, 3.187700033244819 ], [ -76.524398803766175, 3.19519996693349 ], [ -76.520401001140996, 3.202699899279431 ], [ -76.512298584120686, 3.206099987594685 ], [ -76.504798888877914, 3.215300083146483 ], [ -76.503700255882791, 3.22280001682633 ], [ -76.500801086052007, 3.227999925508776 ], [ -76.492103576254266, 3.237200021941178 ], [ -76.492698668927602, 3.241800070249384 ], [ -76.495597839235074, 3.2418000700077 ], [ -76.507698059510957, 3.245899915760254 ], [ -76.507698059468566, 3.251699925008393 ], [ -76.505401610910482, 3.255700111588146 ], [ -76.500198364678425, 3.261499881267596 ], [ -76.500801086871164, 3.267299890560079 ], [ -76.510002136248971, 3.27189993854646 ], [ -76.514602661476928, 3.27710008593679 ], [ -76.515800476327385, 3.28060007115877 ], [ -76.517501831627442, 3.282399892562417 ], [ -76.522697449158045, 3.287600040328496 ], [ -76.519798278983004, 3.292799949038941 ], [ -76.511199950777609, 3.2955999376931 ], [ -76.505401610871587, 3.298500061485305 ], [ -76.500198364645044, 3.303100108657124 ], [ -76.498497009196115, 3.308300018401214 ], [ -76.496200561183358, 3.312900066673109 ], [ -76.49310302776108, 3.314569950613589 ], [ -76.489898681784254, 3.316299915731556 ], [ -76.474296569493887, 3.316299915232662 ], [ -76.45989990174381, 3.315599918545854 ], [ -76.453002929102368, 3.306900024565017 ], [ -76.441398620530506, 3.301100016125211 ], [ -76.433403014618477, 3.297600030304111 ], [ -76.424697875955758, 3.292900085134248 ], [ -76.417198181340908, 3.288899898472277 ], [ -76.406799315974794, 3.285900115728013 ], [ -76.398803710994201, 3.283600091606977 ], [ -76.392997742229397, 3.282999992859714 ] ] ] ] } },
{ "type": "Feature", "properties": { "DPTO": "20", "NOMBRE_DPT": "CESAR", "AREA": 22973095679.787998, "PERIMETER": 1080343.6780000001, "HECTARES": 2297309.568 }, "geometry": { "type": "Polygon", "coordinates": [ [ [ -73.282318115480663, 10.856246948843255 ], [ -73.280616760965316, 10.838345527947746 ], [ -73.274314880094749, 10.827946662400418 ], [ -73.270812987488554, 10.818646431570221 ], [ -73.266815185260612, 10.807147026625763 ], [ -73.261611937973527, 10.789147377593908 ], [ -73.25871276892336, 10.776447296601027 ], [ -73.263313293046508, 10.759146691159026 ], [ -73.271316527595872, 10.744747161096269 ], [ -73.273117064802165, 10.734347343861154 ], [ -73.27421569805999, 10.72804737162226 ], [ -73.249412536207231, 10.733046532455436 ], [ -73.239616394525711, 10.744647026331238 ], [ -73.228713989876951, 10.752646445507116 ], [ -73.206817626578626, 10.743846893776873 ], [ -73.191215514465298, 10.724146842978117 ], [ -73.177314758738248, 10.70274734531017 ], [ -73.166412352744544, 10.676747322088822 ], [ -73.154312134464973, 10.666247368124782 ], [ -73.14391326893282, 10.67204666134645 ], [ -73.135818481063509, 10.678346633522791 ], [ -73.122016906768863, 10.661546707385343 ], [ -73.103515625121915, 10.651046752381237 ], [ -73.0857162476117, 10.644046783310337 ], [ -73.082817078210539, 10.635347365947512 ], [ -73.112602234522541, 10.607999802057131 ], [ -73.122398376340499, 10.593000412206163 ], [ -73.12809753463867, 10.576199531700849 ], [ -73.125198364074151, 10.564700127427903 ], [ -73.12580108573124, 10.552000045372093 ], [ -73.139602660731867, 10.534099578741705 ], [ -73.141403198794734, 10.528400421093458 ], [ -73.147697448889801, 10.520299911328999 ], [ -73.16269683839073, 10.507699966904688 ], [ -73.170700072906442, 10.500800133520015 ], [ -73.185203552117443, 10.497900009616128 ], [ -73.196098328145595, 10.489299774642291 ], [ -73.196098327439032, 10.481200218458557 ], [ -73.201896667759442, 10.474300384987954 ], [ -73.212196349298623, 10.466300010316532 ], [ -73.212310790251109, 10.465930939484261 ], [ -73.215103149428529, 10.456999779242331 ], [ -73.216300963676389, 10.450699806291475 ], [ -73.216300963617428, 10.447799683264243 ], [ -73.1942977904598, 10.441399574349852 ], [ -73.190299987894832, 10.437899590200004 ], [ -73.185096740493748, 10.425700187706251 ], [ -73.183898925128418, 10.410099982919759 ], [ -73.184501648403369, 10.393400192589471 ], [ -73.180496216450052, 10.381199835952289 ], [ -73.165863037291516, 10.390930175965982 ], [ -73.16320037846512, 10.392700194918024 ], [ -73.132102965799859, 10.409899711347794 ], [ -73.116500855002428, 10.420800209179561 ], [ -73.096298217256603, 10.426500320326223 ], [ -73.077346802024252, 10.420731545192663 ], [ -73.073303222558536, 10.419500351729601 ], [ -73.062301636331895, 10.419400215531097 ], [ -73.043899535502987, 10.419899940420661 ], [ -73.019096374612744, 10.408300400183219 ], [ -73.000099182367592, 10.396100044490145 ], [ -72.982200622254155, 10.390800475754135 ], [ -72.965499877590943, 10.390700340435545 ], [ -72.946052550919489, 10.391071319098069 ], [ -72.925468445013408, 10.397016525495335 ], [ -72.909919738510411, 10.401132584306016 ], [ -72.890716552874082, 10.403876304148385 ], [ -72.868759154612775, 10.410279274337457 ], [ -72.834709166774758, 10.411782264850737 ], [ -72.839797973194365, 10.405200005165332 ], [ -72.843803405352105, 10.394300460616034 ], [ -72.849624633888837, 10.3811264040013 ], [ -72.850700378779905, 10.378700256075259 ], [ -72.850700378086188, 10.375800132889424 ], [ -72.852500914881759, 10.371800421957586 ], [ -72.856498718087948, 10.364899635655359 ], [ -72.88130188067305, 10.333200455065267 ], [ -72.890502929406466, 10.319899558319928 ], [ -72.899101256650241, 10.312499999239265 ], [ -72.900588989483225, 10.311210632842933 ], [ -72.916397094623179, 10.297499657339532 ], [ -72.917686462676727, 10.294227599974553 ], [ -72.921600341363046, 10.28429985064864 ], [ -72.92680358912591, 10.279100417956126 ], [ -72.938301086592915, 10.260100364994441 ], [ -72.942298889709292, 10.251999854341999 ], [ -72.945198059579297, 10.238200187047683 ], [ -72.948600769759423, 10.216799735987182 ], [ -72.951339721087649, 10.214357375824772 ], [ -72.95040130689388, 10.205800055681594 ], [ -72.951499939759429, 10.1965999595831 ], [ -72.944602966446951, 10.176899909557219 ], [ -72.94460296678092, 10.164199828456425 ], [ -72.942802428595186, 10.150300025729274 ], [ -72.938796996354625, 10.133600234758045 ], [ -72.948600769760176, 10.108200072469467 ], [ -72.950897216247185, 10.088600158487905 ], [ -72.958396911239404, 10.076499938367482 ], [ -72.964698790980179, 10.067799568419254 ], [ -72.969299315865484, 10.051699638920097 ], [ -72.976799011041123, 10.037300110480693 ], [ -72.982498168967624, 10.026900291775238 ], [ -72.986000060821141, 10.016500473713586 ], [ -72.991203308162696, 10.00150013033911 ], [ -72.998703003703298, 9.992899895178695 ], [ -73.001182556842195, 9.979634285321085 ], [ -73.00337219161193, 9.971686363380091 ], [ -73.004997253360628, 9.965800284728404 ], [ -73.011901855315372, 9.944399833777412 ], [ -73.013000488741937, 9.928799628604276 ], [ -73.01650237966598, 9.907500267134393 ], [ -73.018798828242893, 9.886699676999397 ], [ -73.01879882875177, 9.867600440958533 ], [ -73.013603210247936, 9.85429954471952 ], [ -73.004898071934875, 9.847900390817266 ], [ -72.98699951104733, 9.832300185900348 ], [ -72.965103148718811, 9.829899788597105 ], [ -72.968002318765244, 9.809599876741157 ], [ -72.974296570376495, 9.797499657454075 ], [ -72.984100341756019, 9.786600112875199 ], [ -72.993896485097679, 9.773400306885957 ], [ -73.009498596318579, 9.756699562516806 ], [ -73.022201538153979, 9.754400252863668 ], [ -73.027397156442959, 9.752099990907183 ], [ -73.033096312692223, 9.733099937749795 ], [ -73.043502807478689, 9.717000008375605 ], [ -73.049201964847185, 9.701399802948002 ], [ -73.049201965825233, 9.690999985450222 ], [ -73.052696227438418, 9.681200028064117 ], [ -73.055603028025089, 9.673100471800421 ], [ -73.057899474804017, 9.662699699238102 ], [ -73.065902710682209, 9.654100418288426 ], [ -73.068534850764308, 9.65228462176464 ], [ -73.072006224913267, 9.651574134724571 ], [ -73.073402405549501, 9.647800445660293 ], [ -73.074600220311126, 9.639699935890947 ], [ -73.080902098927467, 9.628199576963308 ], [ -73.087799072271821, 9.61610031067468 ], [ -73.10340118336309, 9.59819984405414 ], [ -73.110801696821511, 9.58959960865457 ], [ -73.111999512101988, 9.576899529133398 ], [ -73.12239837649885, 9.56309986107807 ], [ -73.125801086767879, 9.550999640759773 ], [ -73.128097533971598, 9.541099548099245 ], [ -73.147697448596787, 9.531999587371251 ], [ -73.164398193762239, 9.528599738523118 ], [ -73.172500609663047, 9.520500182351679 ], [ -73.178199767935851, 9.511300086420789 ], [ -73.185203552895103, 9.49460029543196 ], [ -73.189796447399033, 9.482500076144737 ], [ -73.197196960860353, 9.470399857220539 ], [ -73.209297179534801, 9.457200050820539 ], [ -73.219100952762233, 9.451399802869595 ], [ -73.220298766824556, 9.448499680093107 ], [ -73.224899291962529, 9.439900398260583 ], [ -73.22260284430503, 9.437000274954618 ], [ -73.220901489076269, 9.428299904306757 ], [ -73.221397399621409, 9.415599823625991 ], [ -73.228302001616953, 9.406399726372246 ], [ -73.238700867405427, 9.397199630011118 ], [ -73.255401611730974, 9.385700225039836 ], [ -73.270401001346769, 9.373700142101589 ], [ -73.276702880464939, 9.361599921888706 ], [ -73.284202575483789, 9.351799965056301 ], [ -73.295196532790385, 9.32929992604603 ], [ -73.30030059771758, 9.315400124131106 ], [ -73.301818848251571, 9.31002807672329 ], [ -73.305496216586306, 9.296999932016776 ], [ -73.313003540524491, 9.286600112802814 ], [ -73.318801880119835, 9.275699614853364 ], [ -73.319297790650708, 9.26239967385118 ], [ -73.325103759573352, 9.247400283874745 ], [ -73.333099365153231, 9.232399940257761 ], [ -73.342903137740606, 9.21969985882575 ], [ -73.344703673950193, 9.203000068804345 ], [ -73.349296570530782, 9.19029998829917 ], [ -73.358497619978237, 9.179400444243889 ], [ -73.360801696404678, 9.166099549106425 ], [ -73.379798889424222, 9.145999907874911 ], [ -73.377502440624951, 9.141900063235475 ], [ -73.383201599713047, 9.139599799564319 ], [ -73.387901305899248, 9.138500213973614 ], [ -73.389602660530301, 9.136799811759284 ], [ -73.392501830340976, 9.133899688377641 ], [ -73.401100158102537, 9.133899687931038 ], [ -73.410301208905267, 9.132200240393434 ], [ -73.417800903223622, 9.1304998390188 ], [ -73.427001952964233, 9.124799728451745 ], [ -73.42759704608811, 9.119000435379357 ], [ -73.427597046254562, 9.111499787173246 ], [ -73.427139282937603, 9.106886863553385 ], [ -73.42649841309607, 9.100500107420324 ], [ -73.426498413877653, 9.08609962507923 ], [ -73.428703307869498, 9.065899849702758 ], [ -73.43280029302025, 9.046199798857334 ], [ -73.437400818512089, 9.030099869172973 ], [ -73.437896727888173, 9.005299568180741 ], [ -73.441398620552363, 8.991999626263722 ], [ -73.445999146293516, 8.980999946833691 ], [ -73.4494018559719, 8.970100403361087 ], [ -73.451698303303232, 8.963700294883211 ], [ -73.451698303274938, 8.95279979655343 ], [ -73.452301024693554, 8.939999580540675 ], [ -73.451698302481319, 8.933699608149535 ], [ -73.450599671071032, 8.928500175338204 ], [ -73.450599670103074, 8.926199913741698 ], [ -73.449401855652425, 8.910599707936319 ], [ -73.44709777781631, 8.888600349891862 ], [ -73.444801330317347, 8.871899604813184 ], [ -73.444801331270099, 8.861499786447698 ], [ -73.444198609053061, 8.853899955552295 ], [ -73.443603516217436, 8.848199844607947 ], [ -73.437301635620983, 8.835399628473347 ], [ -73.437301636278178, 8.821599960058395 ], [ -73.436698914198928, 8.811200141856776 ], [ -73.436698912877802, 8.805999755308294 ], [ -73.436698913976272, 8.801899910156656 ], [ -73.436096191054389, 8.786299705038866 ], [ -73.440101623371689, 8.771300316048475 ], [ -73.443603515147245, 8.756899833491099 ], [ -73.446998596647646, 8.750000000187759 ], [ -73.453300476553437, 8.7407999035789 ], [ -73.466598510474782, 8.73099994621702 ], [ -73.471801757392143, 8.725799560359411 ], [ -73.476997375159414, 8.715999602839091 ], [ -73.47699737603449, 8.709699630183058 ], [ -73.471801757640222, 8.70450019859914 ], [ -73.468902588080411, 8.698100089394568 ], [ -73.468902588291471, 8.694000244656612 ], [ -73.470596313157188, 8.689399719887968 ], [ -73.481597901128367, 8.684900283770126 ], [ -73.488502503238877, 8.685500145711883 ], [ -73.504600524328566, 8.676300048340863 ], [ -73.51670074524867, 8.660699844672578 ], [ -73.529403686456959, 8.654399872597146 ], [ -73.540298462179379, 8.651599884047224 ], [ -73.54730224670098, 8.642999648287262 ], [ -73.551902770443306, 8.629699706419363 ], [ -73.551902770270686, 8.626799583423487 ], [ -73.550697326567231, 8.611800193295103 ], [ -73.547798156270858, 8.598500251633398 ], [ -73.550102234483361, 8.585200309776276 ], [ -73.554100036634438, 8.566200256305391 ], [ -73.555297851355689, 8.562100409918614 ], [ -73.555801391295788, 8.552900314840844 ], [ -73.559303284225663, 8.540800094113516 ], [ -73.556396483637457, 8.526300429562804 ], [ -73.552398681327645, 8.517100333517259 ], [ -73.551200867496831, 8.512999534406186 ], [ -73.55083465532438, 8.506720542885546 ], [ -73.550598143917455, 8.502599715533171 ], [ -73.540802002717385, 8.499099731462945 ], [ -73.528701781796386, 8.494400024553325 ], [ -73.526397705698741, 8.47879981966468 ], [ -73.522399902873602, 8.470700263917651 ], [ -73.510803222428891, 8.468400001265588 ], [ -73.508499145306857, 8.469499587854726 ], [ -73.500503540019835, 8.475799560226791 ], [ -73.496398925096685, 8.479900360528003 ], [ -73.48889923144155, 8.471699715391678 ], [ -73.494697571002888, 8.46080017159232 ], [ -73.496398925793471, 8.450400352853602 ], [ -73.496398926429492, 8.440600394478928 ], [ -73.493499756308552, 8.430800438623685 ], [ -73.494102478303219, 8.421500205314425 ], [ -73.49469757002322, 8.417499541566237 ], [ -73.497497559066289, 8.412300110250305 ], [ -73.500999450393124, 8.402500152514216 ], [ -73.50559997631089, 8.396100044784086 ], [ -73.510803223294133, 8.388699531404674 ], [ -73.514198302571643, 8.380000115181856 ], [ -73.523498535912566, 8.370800018933789 ], [ -73.521202087824491, 8.361000060347386 ], [ -73.511901855241874, 8.352899551137899 ], [ -73.503303527601048, 8.346500396326869 ], [ -73.493499756097933, 8.338899613060073 ], [ -73.491699218808947, 8.328499793478009 ], [ -73.487098693630884, 8.315799713550852 ], [ -73.480201721169578, 8.307100295307366 ], [ -73.473297119698827, 8.303000450050922 ], [ -73.465797424478069, 8.304699898224454 ], [ -73.45890045127328, 8.3115997320108 ], [ -73.456596374316405, 8.317999839966966 ], [ -73.453102111918909, 8.318499564413905 ], [ -73.453102112541103, 8.32139968897884 ], [ -73.446800231319088, 8.326000213690827 ], [ -73.436401366873326, 8.334099768940082 ], [ -73.426597595935817, 8.341500282679741 ], [ -73.423698425790548, 8.351300240093217 ], [ -73.423698424913951, 8.358300209161737 ], [ -73.421401976756712, 8.364600181603004 ], [ -73.419700622106078, 8.370400428390591 ], [ -73.422599792848416, 8.378999710311398 ], [ -73.424301147055928, 8.386599541089572 ], [ -73.433601378604067, 8.397000312717594 ], [ -73.436996459924146, 8.40390014678686 ], [ -73.436996459555132, 8.410900115188809 ], [ -73.438697814577026, 8.417200088328821 ], [ -73.433059692473094, 8.426668166971265 ], [ -73.430099486941515, 8.427000045826482 ], [ -73.416801452532567, 8.425800322911609 ], [ -73.403602599948613, 8.421699524402939 ], [ -73.388000487480213, 8.415300369912313 ], [ -73.375900268455254, 8.416399955747991 ], [ -73.369598387990138, 8.414099693160624 ], [ -73.366096497195755, 8.398500442647951 ], [ -73.364898680860421, 8.391500473141324 ], [ -73.362602233301843, 8.379400252917238 ], [ -73.361000060490639, 8.371212004927242 ], [ -73.36609649595573, 8.367300033515891 ], [ -73.36609649599319, 8.356300354328505 ], [ -73.369003295264719, 8.343000412111966 ], [ -73.374702453223577, 8.324600220236444 ], [ -73.376403809179322, 8.315299988311665 ], [ -73.379302978758346, 8.307200432346294 ], [ -73.380996703401166, 8.30210018181012 ], [ -73.380996704124343, 8.28880024030226 ], [ -73.391403197836951, 8.277299881611508 ], [ -73.39600372376691, 8.267499922919738 ], [ -73.406402587247541, 8.248399734761659 ], [ -73.406402587219958, 8.234600067179644 ], [ -73.405197142767847, 8.222399711741517 ], [ -73.415000915937256, 8.212100029569301 ], [ -73.425399780933489, 8.198800087073938 ], [ -73.431098937592012, 8.178099632396689 ], [ -73.435096740579894, 8.159600257619473 ], [ -73.427101135909368, 8.14570045535195 ], [ -73.427101135181132, 8.1358995432144 ], [ -73.432800292526863, 8.122599601106961 ], [ -73.412101745787922, 8.107500076309455 ], [ -73.407112121176766, 8.100949287674018 ], [ -73.4050064083265, 8.098183632305931 ], [ -73.407997131052255, 8.09479999474048 ], [ -73.412597656740033, 8.087300301130771 ], [ -73.417198181299597, 8.086199759783019 ], [ -73.417198180444203, 8.076899528552854 ], [ -73.417198180966309, 8.066499709707797 ], [ -73.414901733378613, 8.052100181721848 ], [ -73.414299011820859, 8.042300224680377 ], [ -73.411399841005704, 8.035300254554222 ], [ -73.403396606973985, 8.032400131785581 ], [ -73.379699706705196, 8.025400161392023 ], [ -73.35489654592584, 8.015399933616536 ], [ -73.327301026165486, 7.998600006083029 ], [ -73.318603515067451, 7.980599880568089 ], [ -73.307098389412999, 7.959199905948386 ], [ -73.305297851095773, 7.952300072317034 ], [ -73.303596496681834, 7.936699866687116 ], [ -73.309303282947496, 7.917099952115061 ], [ -73.316200255952225, 7.900899887519181 ], [ -73.327796936369609, 7.894000054171964 ], [ -73.343902587599118, 7.890600204764334 ], [ -73.365798949473202, 7.884900092902914 ], [ -73.375000000340819, 7.875199794086579 ], [ -73.373298644795042, 7.845699786652142 ], [ -73.370399474941181, 7.807000160900432 ], [ -73.368103028116309, 7.794300079518155 ], [ -73.370025635296557, 7.79206848088331 ], [ -73.383003234829843, 7.776999949711149 ], [ -73.396301270098334, 7.759699821982693 ], [ -73.40609741132667, 7.748199939703099 ], [ -73.411300659094067, 7.742499829068369 ], [ -73.419296265416776, 7.737299919414562 ], [ -73.423400879256988, 7.726299763448976 ], [ -73.429100036332756, 7.721700191291934 ], [ -73.430900574446468, 7.714799881031656 ], [ -73.430801392052956, 7.703800200682081 ], [ -73.433700562135783, 7.694600105619528 ], [ -73.445800780602085, 7.690599918349843 ], [ -73.459098815602061, 7.68720006976916 ], [ -73.48850250186247, 7.683899879454827 ], [ -73.508102416492889, 7.684500217985735 ], [ -73.539199828568385, 7.6915998461454 ], [ -73.573196411580653, 7.704999923809258 ], [ -73.60150146490443, 7.719600200641815 ], [ -73.623397826824544, 7.718500137396397 ], [ -73.644699096882803, 7.715700150320974 ], [ -73.649887085535397, 7.708443164802451 ], [ -73.652801513908528, 7.708799838708485 ], [ -73.778503417186158, 7.722000121760091 ], [ -73.778503417706645, 7.730700015796438 ], [ -73.778503418457404, 7.747499942495189 ], [ -73.769798279554649, 7.760700226447303 ], [ -73.760597229543507, 7.770500182577543 ], [ -73.76349639850217, 7.782599925352927 ], [ -73.76930236786913, 7.794799804068849 ], [ -73.764701843492247, 7.808100222812049 ], [ -73.755500793621437, 7.819600104531893 ], [ -73.736999511307459, 7.840300082976577 ], [ -73.732398987227612, 7.855899811064793 ], [ -73.730697631338032, 7.865099906283029 ], [ -73.718002318784968, 7.878300190238861 ], [ -73.707099914847191, 7.89790010515392 ], [ -73.704803466887242, 7.913499831908194 ], [ -73.70819854763171, 7.9244999881754 ], [ -73.721496582774336, 7.932600021843285 ], [ -73.734199524601053, 7.947100162582612 ], [ -73.739402770271582, 7.948299884773174 ], [ -73.750900268504466, 7.951799870106687 ], [ -73.75839996331112, 7.964600085460614 ], [ -73.754997253167133, 7.981299877730893 ], [ -73.755599976233185, 7.997499942120028 ], [ -73.75900268537282, 8.005599975076452 ], [ -73.765899657421869, 8.013699531851499 ], [ -73.7694015504227, 8.027000427298191 ], [ -73.771697997954007, 8.032799720642672 ], [ -73.775802611909498, 8.043800353644226 ], [ -73.786102294386808, 8.05539989424221 ], [ -73.795898437003402, 8.06639957481206 ], [ -73.800598144741116, 8.07100009997737 ], [ -73.795997619461048, 8.08370017992104 ], [ -73.788497925208503, 8.107899665541009 ], [ -73.788497925539644, 8.116600035857321 ], [ -73.795997620269191, 8.113200187810062 ], [ -73.800140381008489, 8.115025519556156 ], [ -73.807601928178755, 8.118314743277402 ], [ -73.809196472541387, 8.126500129711157 ], [ -73.800598143803498, 8.130499839339867 ], [ -73.80349731509213, 8.133399963437299 ], [ -73.801803588555074, 8.144399642648496 ], [ -73.802299500094819, 8.155900002079569 ], [ -73.80699920590628, 8.168100357604793 ], [ -73.809303283115611, 8.176799774336457 ], [ -73.7988967895146, 8.185400008413435 ], [ -73.793701171942061, 8.200400352134571 ], [ -73.784500122186969, 8.21879959117036 ], [ -73.773002624492506, 8.23209953234247 ], [ -73.775901794548915, 8.256299972150876 ], [ -73.772399901806153, 8.267299651454206 ], [ -73.768997191666799, 8.281100272621584 ], [ -73.771301269590907, 8.293299674955051 ], [ -73.777099609711271, 8.318099975222598 ], [ -73.77770233126293, 8.340700150237854 ], [ -73.777099609734861, 8.360899924931795 ], [ -73.774253844876583, 8.373520851233739 ], [ -73.771896362253557, 8.383999824228168 ], [ -73.771896362635033, 8.422699928882691 ], [ -73.774803161560499, 8.44060039593327 ], [ -73.777099608891376, 8.44180011714486 ], [ -73.781799315808172, 8.459099769460856 ], [ -73.790397644431792, 8.474200249078351 ], [ -73.800796508568027, 8.489199639159004 ], [ -73.80660247768742, 8.510600090155437 ], [ -73.805999756213225, 8.530300140263867 ], [ -73.807197571214544, 8.551600456089325 ], [ -73.812400818502724, 8.566699982121971 ], [ -73.818702697198972, 8.578800201887807 ], [ -73.826797485181515, 8.595600127954246 ], [ -73.839920044688938, 8.612890242884141 ], [ -73.843498230518392, 8.617600441487156 ], [ -73.841201781751053, 8.640700340249783 ], [ -73.836097717955568, 8.654600143613216 ], [ -73.832603455136294, 8.66549968747657 ], [ -73.830299377481154, 8.672499657064016 ], [ -73.827400207004175, 8.685199738097369 ], [ -73.826301575187358, 8.702500343260033 ], [ -73.824600219820823, 8.7221002573094 ], [ -73.821098327410667, 8.733599662138456 ], [ -73.815399169790723, 8.756699562632658 ], [ -73.817703247290495, 8.778699875521127 ], [ -73.831001282325587, 8.794300079207868 ], [ -73.847702026231943, 8.81519985264779 ], [ -73.857498169253091, 8.823900222990897 ], [ -73.864997863994006, 8.839500426631034 ], [ -73.871299744407864, 8.85519981457206 ], [ -73.878303527617106, 8.879400253163398 ], [ -73.886398315266888, 8.905500411621121 ], [ -73.884597777926558, 8.9228000648351 ], [ -73.879997253614974, 8.945899963321837 ], [ -73.877197265597431, 8.956800461561333 ], [ -73.874900818528715, 8.959699631120708 ], [ -73.874900818345068, 8.963199615528806 ], [ -73.870796203863179, 8.972399712131015 ], [ -73.865600585382509, 8.983900070142683 ], [ -73.860496520836705, 8.993200302821187 ], [ -73.856399535467872, 8.997799873238069 ], [ -73.833999633949887, 9.014399529068672 ], [ -73.828796386359571, 9.03170013480724 ], [ -73.82879638685165, 9.040399551192388 ], [ -73.83280181884048, 9.047900200385053 ], [ -73.83689880352577, 9.0588998789624 ], [ -73.843803406484454, 9.06700038838593 ], [ -73.852996826180458, 9.080900192478952 ], [ -73.886497496891039, 9.110500335661179 ], [ -73.898002625227875, 9.137100220327637 ], [ -73.900299072852491, 9.148699760845391 ], [ -73.904403685728568, 9.163200378801108 ], [ -73.908401488698331, 9.179900169810757 ], [ -73.917602539514633, 9.185199737976147 ], [ -73.938400268128532, 9.188699722058747 ], [ -73.961997985529976, 9.187700272182212 ], [ -73.983398437965093, 9.19239997845624 ], [ -73.985702515129987, 9.193499565567638 ], [ -73.984497070397481, 9.206800460346093 ], [ -73.972396849929126, 9.223500251358011 ], [ -73.969596863323062, 9.234499930983539 ], [ -73.964401244786487, 9.257599830475669 ], [ -73.968399047742793, 9.275500297857675 ], [ -73.974800109326964, 9.288800240301804 ], [ -73.984596251780033, 9.317199706746504 ], [ -73.998397827799337, 9.333399773242558 ], [ -73.999603271182238, 9.3444004063501 ], [ -74.01059722906011, 9.35369968406399 ], [ -74.017997742497144, 9.358900069984887 ], [ -74.028396606186135, 9.368200301596952 ], [ -74.034202575434719, 9.37279987318348 ], [ -74.04109954848667, 9.378000260015197 ], [ -74.046302795167733, 9.387299537864264 ], [ -74.062499999261632, 9.405300140871388 ], [ -74.07520294159842, 9.418600082943904 ], [ -74.086097717032843, 9.431900024155222 ], [ -74.101699829284101, 9.444100379790124 ], [ -74.148399353674876, 9.466899872429231 ], [ -74.156326294648267, 9.477104186520323 ], [ -74.154701232948895, 9.483599662889919 ], [ -74.147796630070985, 9.487700461867753 ], [ -74.136901856167285, 9.495699882071502 ], [ -74.127700806063757, 9.50030040675551 ], [ -74.119598388501259, 9.507800102181013 ], [ -74.108100890484323, 9.522700309223715 ], [ -74.08619690008679, 9.545700073064735 ], [ -74.075798033933594, 9.561300278009595 ], [ -74.053298949986242, 9.581999778954101 ], [ -74.016998291415732, 9.5824003223685 ], [ -73.994003295780601, 9.576000213662699 ], [ -73.973800659001483, 9.575300216929461 ], [ -73.958198547198606, 9.575200081576691 ], [ -73.935699462824516, 9.576299667750215 ], [ -73.894203185344878, 9.580200195647866 ], [ -73.860801696445719, 9.580599785234648 ], [ -73.850402831645596, 9.57419967668741 ], [ -73.822799683261238, 9.572400092515434 ], [ -73.815803527662027, 9.574099540671437 ], [ -73.813499450914534, 9.577500343901555 ], [ -73.809501647878378, 9.58209991452614 ], [ -73.810096741035409, 9.589599609059013 ], [ -73.813499450154495, 9.602399826171846 ], [ -73.812400817678053, 9.617400169613559 ], [ -73.817596435188335, 9.633000373964135 ], [ -73.822799682748865, 9.651499747998438 ], [ -73.828025817740297, 9.662332535497903 ], [ -73.830902099626854, 9.668299675493722 ], [ -73.838996886562228, 9.683899879069823 ], [ -73.847000121301704, 9.699500084566232 ], [ -73.85859680231134, 9.713999748023925 ], [ -73.860900879146982, 9.719200134109494 ], [ -73.867202758658138, 9.732000351618655 ], [ -73.866447448110335, 9.737265587637792 ], [ -73.864898680918287, 9.748100281349609 ], [ -73.861503601499805, 9.763099669782232 ], [ -73.862602233440654, 9.77350044237814 ], [ -73.874198914140734, 9.781700133601266 ], [ -73.876502990343297, 9.784000395988128 ], [ -73.879898071734331, 9.789799690705472 ], [ -73.881698608410829, 9.791500091181691 ], [ -73.885696410882431, 9.79619979788923 ], [ -73.911697387496375, 9.811300277958306 ], [ -73.925498962758937, 9.823499679305593 ], [ -73.936500549760424, 9.842000007255026 ], [ -73.951499939061023, 9.864000320163496 ], [ -73.959602355681824, 9.885399819190939 ], [ -73.980995178730609, 9.906004906301416 ], [ -73.986701965482339, 9.911499977863835 ], [ -73.999900818522448, 9.91679954577304 ], [ -74.023002625100091, 9.931900024968451 ], [ -74.031600951941641, 9.949299813026688 ], [ -74.031600951517603, 9.957400322545842 ], [ -74.051803588204081, 9.973600387703321 ], [ -74.064498901552568, 9.985799788739278 ], [ -74.066299438031393, 9.987500190218086 ], [ -74.074302673665869, 9.99510002147111 ], [ -74.084098815509932, 10.006699562382158 ], [ -74.086997986398103, 10.017700195404222 ], [ -74.096801757209207, 10.03619956976555 ], [ -74.103797911852723, 10.054100036790699 ], [ -74.110702514837556, 10.06630039247422 ], [ -74.11064910886698, 10.066512108305023 ], [ -74.108398437720723, 10.076100349201399 ], [ -74.105499267337947, 10.087599753706652 ], [ -74.102600097458719, 10.105500220951436 ], [ -74.094001769371658, 10.136699677256125 ], [ -74.084800719578496, 10.153400421598164 ], [ -74.077301025004573, 10.159700394211738 ], [ -74.069801330237325, 10.17240047390966 ], [ -74.071601867969235, 10.187399863529251 ], [ -74.063499451417542, 10.201800345762178 ], [ -74.045600891875864, 10.20289993310514 ], [ -74.038101196988819, 10.215000152502739 ], [ -74.029502869182281, 10.238100052245953 ], [ -74.020301818170807, 10.239199638489326 ], [ -74.008796691964221, 10.248999595831313 ], [ -73.997200012424969, 10.267399787340423 ], [ -73.992103576444819, 10.281800270222424 ], [ -73.987503052083113, 10.295700073968717 ], [ -73.983398437420277, 10.304300308184192 ], [ -73.976402282461933, 10.311902999915741 ], [ -73.969596862772775, 10.319299698547004 ], [ -73.958099364974061, 10.338899612877258 ], [ -73.934501647526361, 10.360099793001122 ], [ -73.906799316477105, 10.379099845619953 ], [ -73.888397217390619, 10.383000374270928 ], [ -73.869903564978287, 10.381199837511286 ], [ -73.853797912387648, 10.380599974884211 ], [ -73.837600708558526, 10.381099701143972 ], [ -73.814002990833174, 10.383899688576706 ], [ -73.803001403837115, 10.391900063120872 ], [ -73.796096801016645, 10.394200325779757 ], [ -73.786300658600837, 10.393600463150651 ], [ -73.774803161492244, 10.398699759876434 ], [ -73.766197204055658, 10.411999703007748 ], [ -73.754600524680285, 10.408499718219549 ], [ -73.747100830333508, 10.40789985705192 ], [ -73.741401672356062, 10.412500381184842 ], [ -73.742500305186425, 10.418199538815527 ], [ -73.743698120405583, 10.434399604228554 ], [ -73.73509979218403, 10.443599701058824 ], [ -73.7281036369221, 10.443599700984413 ], [ -73.708000183226318, 10.446399688312946 ], [ -73.694099426511727, 10.449199676203099 ], [ -73.682601927943495, 10.458999633095093 ], [ -73.672203064739676, 10.47399997675498 ], [ -73.666496276200533, 10.489600181289527 ], [ -73.656700133518015, 10.503899574597234 ], [ -73.643402098891684, 10.505000114928137 ], [ -73.62670135476597, 10.514800071516884 ], [ -73.627296447930249, 10.52810001435536 ], [ -73.627296448446074, 10.545399666361986 ], [ -73.629600524880786, 10.565600394493046 ], [ -73.633697509400093, 10.581800461238435 ], [ -73.63770294206148, 10.596899986750991 ], [ -73.641197204717074, 10.615400314074266 ], [ -73.642898559965445, 10.629799843411126 ], [ -73.642898558814466, 10.637299537974341 ], [ -73.642898559162887, 10.642499923322703 ], [ -73.643501281016867, 10.655799865296732 ], [ -73.640602111119406, 10.670800209457653 ], [ -73.634300231469282, 10.685199737537806 ], [ -73.632278442549719, 10.687244415250555 ], [ -73.625701903834965, 10.693900107701717 ], [ -73.611801148062995, 10.712300301153897 ], [ -73.602096557350222, 10.731300354325073 ], [ -73.602600097766683, 10.747500419866341 ], [ -73.609596253239204, 10.757900237444424 ], [ -73.625701904535759, 10.763199805793992 ], [ -73.641296386703985, 10.762700081608008 ], [ -73.669502258881153, 10.758700371068141 ], [ -73.685096740188015, 10.760000228701941 ], [ -73.690902710470496, 10.771499634115214 ], [ -73.688598632814674, 10.779600142693532 ], [ -73.672996520881895, 10.788200378546408 ], [ -73.663200378232986, 10.793899536657445 ], [ -73.641899108220912, 10.801899910397784 ], [ -73.59001159692771, 10.843699455849865 ], [ -73.58239746137798, 10.842779159722792 ], [ -73.560493469292339, 10.844979285590613 ], [ -73.542694091557721, 10.848879814706601 ], [ -73.533889771205367, 10.847825050072098 ], [ -73.511993407941162, 10.85702514644089 ], [ -73.508735656359988, 10.859442710983185 ], [ -73.501785278576719, 10.864727974446948 ], [ -73.467201233664724, 10.870885849000542 ], [ -73.282318115480663, 10.856246948843255 ] ] ] } },
{ "type": "Feature", "properties": { "DPTO": "23", "NOMBRE_DPT": "CORDOBA", "AREA": 25059485605.512001, "PERIMETER": 814093.37199999997, "HECTARES": 2505948.5610000002 }, "geometry": { "type": "Polygon", "coordinates": [ [ [ -75.819503784195192, 9.42300033587717 ], [ -75.809097290416304, 9.419500351083586 ], [ -75.792396545530721, 9.409099578770594 ], [ -75.777397155284376, 9.409000396653594 ], [ -75.766502380689786, 9.409000397008422 ], [ -75.759002685053304, 9.408900261365615 ], [ -75.753196716657598, 9.40890026063874 ], [ -75.741699218232114, 9.403100013451946 ], [ -75.731300354493882, 9.402400016900293 ], [ -75.719802856901822, 9.40240001676602 ], [ -75.704200745002396, 9.402299880565687 ], [ -75.692100525004378, 9.386699676512189 ], [ -75.693199157615794, 9.377499580747612 ], [ -75.692100524520839, 9.36590003998918 ], [ -75.686302185523189, 9.362400054838263 ], [ -75.686302185224989, 9.352000236373851 ], [ -75.690902709918404, 9.344499588227949 ], [ -75.700698852556982, 9.334699630741556 ], [ -75.701797484956117, 9.329000472624038 ], [ -75.693801879473597, 9.330699920520669 ], [ -75.683998107390536, 9.331800460507242 ], [ -75.681701660051132, 9.331800460758522 ], [ -75.681816101582996, 9.316696166823977 ], [ -75.677101135773796, 9.311499596140683 ], [ -75.674201964834552, 9.310899734401234 ], [ -75.667800903502609, 9.311499595604806 ], [ -75.663200378905302, 9.312100410883545 ], [ -75.656898498638242, 9.304499626528635 ], [ -75.655700684010498, 9.298199653178376 ], [ -75.655700683618917, 9.295299530369798 ], [ -75.642501831256538, 9.297499657048473 ], [ -75.638397216780845, 9.302100181488216 ], [ -75.635002136318121, 9.306699752595435 ], [ -75.62339782756564, 9.302599907118903 ], [ -75.615898132425301, 9.296299934172506 ], [ -75.606101989901433, 9.288100242618844 ], [ -75.591102600381845, 9.284000396952795 ], [ -75.571502685133822, 9.27009963985776 ], [ -75.565803527623686, 9.264900207485733 ], [ -75.550796509297683, 9.257900237983691 ], [ -75.546699523917084, 9.252099990649603 ], [ -75.541000365698636, 9.241100310807431 ], [ -75.532897949226111, 9.23239994027643 ], [ -75.520797729018426, 9.227100371893629 ], [ -75.513900756814976, 9.227700233839919 ], [ -75.509803771659335, 9.228799820059004 ], [ -75.507003784011246, 9.229999541954118 ], [ -75.492500305591449, 9.23279952978185 ], [ -75.483901977109682, 9.235099792965745 ], [ -75.479896545730341, 9.236800193631606 ], [ -75.474700927582646, 9.237899780475081 ], [ -75.466598511226266, 9.239600181468999 ], [ -75.464897156030176, 9.236700058231246 ], [ -75.460800170404127, 9.22340011585108 ], [ -75.467201233116825, 9.217100142990512 ], [ -75.46890258834128, 9.203800201011532 ], [ -75.471199035249441, 9.18819999708724 ], [ -75.470596313729629, 9.177200316967692 ], [ -75.45500183121915, 9.17140007026167 ], [ -75.439498900853906, 9.173100471523226 ], [ -75.424499511297626, 9.164299965053733 ], [ -75.432502746148657, 9.154000282759347 ], [ -75.432502746595389, 9.149399756915683 ], [ -75.429100036829027, 9.1407003400451 ], [ -75.425598144387465, 9.130800247039247 ], [ -75.423355102420857, 9.129351615977878 ], [ -75.41120147658674, 9.121500015000327 ], [ -75.392196655109615, 9.125499725700479 ], [ -75.379501343175136, 9.128299713182312 ], [ -75.364501953275337, 9.134099960220174 ], [ -75.355903625956628, 9.130499839686294 ], [ -75.34200286832538, 9.123600006229527 ], [ -75.333900452175484, 9.11660003684031 ], [ -75.328201293512109, 9.100999832240289 ], [ -75.323600768695258, 9.090600013351834 ], [ -75.313201903991853, 9.085900306201962 ], [ -75.310897827228018, 9.077199935831825 ], [ -75.309700012018439, 9.063899994330223 ], [ -75.305702208978175, 9.057600021713984 ], [ -75.294700622708845, 9.058099746785555 ], [ -75.277999878301202, 9.056300163248908 ], [ -75.262397765920099, 9.056200027925829 ], [ -75.253799438768866, 9.055600166678424 ], [ -75.247398376883808, 9.05329990413467 ], [ -75.246902466141691, 9.046299934065141 ], [ -75.244003296180978, 9.034799576208934 ], [ -75.241096496429208, 9.030099868807953 ], [ -75.231300353682258, 9.012800216843777 ], [ -75.227203369563185, 8.999500274526246 ], [ -75.220298767269014, 8.984399796012308 ], [ -75.215103149164548, 8.97049999206137 ], [ -75.212196350050505, 8.949199676785867 ], [ -75.209297180372744, 8.931799888138901 ], [ -75.206398010685234, 8.919699668416049 ], [ -75.206398010137477, 8.913299560939686 ], [ -75.2098999024535, 8.899499892965427 ], [ -75.212196350098523, 8.893099785115746 ], [ -75.2098999026082, 8.878100394951865 ], [ -75.209899902414463, 8.864800453044316 ], [ -75.227203369217847, 8.863100051824532 ], [ -75.236999512010343, 8.860899925356495 ], [ -75.243301391177823, 8.860899925253793 ], [ -75.255996704510366, 8.858599662559236 ], [ -75.258903503859997, 8.864399909949521 ], [ -75.264099121068327, 8.869099617179803 ], [ -75.271598815746316, 8.86909961680418 ], [ -75.28769683809395, 8.866299628947134 ], [ -75.300399779785707, 8.86460018108094 ], [ -75.31649780267044, 8.860600471007002 ], [ -75.326301574571644, 8.860099792858643 ], [ -75.346496581942361, 8.845700263597447 ], [ -75.368400573484777, 8.835399627697464 ], [ -75.386802673440684, 8.833800315794093 ], [ -75.400703429892786, 8.836700439474019 ], [ -75.404098510943768, 8.823499679238033 ], [ -75.40010070775071, 8.814800262780743 ], [ -75.39029693621309, 8.803199767952009 ], [ -75.384498595810655, 8.792200088002129 ], [ -75.373001098600213, 8.778300285751067 ], [ -75.361396789144507, 8.767200470109549 ], [ -75.343498229620792, 8.75160026510412 ], [ -75.342399596705235, 8.743499755368076 ], [ -75.349296570086253, 8.742400169036866 ], [ -75.359100342078037, 8.733699798714097 ], [ -75.36769866955953, 8.720499992828644 ], [ -75.364303588503489, 8.711199759998788 ], [ -75.348098754993359, 8.678799629427644 ], [ -75.34750366204149, 8.659199714198918 ], [ -75.341697692637055, 8.638400078175495 ], [ -75.334800720587481, 8.620400429112888 ], [ -75.334800720550291, 8.602499962143353 ], [ -75.331298828015477, 8.593299865849367 ], [ -75.327903747389158, 8.580499648896129 ], [ -75.328498839850141, 8.573599815752619 ], [ -75.329002380387792, 8.566699981862795 ], [ -75.322700500518991, 8.559100150819203 ], [ -75.322700500174648, 8.546999931843219 ], [ -75.331298827945133, 8.542400359918791 ], [ -75.333000182942072, 8.52280044587933 ], [ -75.326103210093507, 8.51410007437552 ], [ -75.326103210823689, 8.501399994403993 ], [ -75.3145980836223, 8.486300468941703 ], [ -75.301902771194747, 8.484000206207812 ], [ -75.285697936659673, 8.482700348222679 ], [ -75.258598327791432, 8.484900474698362 ], [ -75.235603332394547, 8.4870996474228 ], [ -75.219497680499529, 8.488200187999411 ], [ -75.209701537764161, 8.484700203308604 ], [ -75.197502136403259, 8.466799735546617 ], [ -75.202697753467064, 8.451199531935725 ], [ -75.214797973501902, 8.43620014189605 ], [ -75.217102051039916, 8.424699782974303 ], [ -75.217102050968862, 8.410200118548147 ], [ -75.204399108973121, 8.407899856080657 ], [ -75.195198059318315, 8.404399871509199 ], [ -75.188796996673133, 8.392200470300379 ], [ -75.188796997459718, 8.385299682548574 ], [ -75.177299499074309, 8.384699821905244 ], [ -75.157699585167691, 8.381099701274389 ], [ -75.138099670874425, 8.383299827317007 ], [ -75.121398926156743, 8.395999908691703 ], [ -75.115097045813329, 8.406399727035907 ], [ -75.107002258107997, 8.4109001156591 ], [ -75.092597961891954, 8.421899795300238 ], [ -75.08740234341397, 8.430500030186272 ], [ -75.078796386940226, 8.432800292467698 ], [ -75.065498352546356, 8.438500404063312 ], [ -75.055099487095305, 8.452300071475099 ], [ -75.049400329363991, 8.451100349930037 ], [ -75.048797607417413, 8.461500168082964 ], [ -75.050003051374802, 8.473099708454841 ], [ -75.043601989470517, 8.476499557558274 ], [ -75.030899047794946, 8.469499588265476 ], [ -75.021102904844724, 8.464900017273637 ], [ -75.011299133163348, 8.460800170966461 ], [ -74.999801636161251, 8.460200309871595 ], [ -74.989402770606858, 8.458999633377649 ], [ -74.984199523667897, 8.459500312788501 ], [ -74.962303161781549, 8.460000038640963 ], [ -74.947898864549927, 8.453599929460045 ], [ -74.935798645214248, 8.451199531430762 ], [ -74.928298949954964, 8.443699836805258 ], [ -74.922599792071821, 8.443699836876442 ], [ -74.910400391056385, 8.443599701358385 ], [ -74.90059661831495, 8.44470024121123 ], [ -74.889701843089114, 8.430800437833589 ], [ -74.881599426618209, 8.421600341471065 ], [ -74.876403808718919, 8.401900291466774 ], [ -74.865997314901279, 8.39659976948928 ], [ -74.849899292252957, 8.395400047354451 ], [ -74.829696655560355, 8.384900092987342 ], [ -74.827201843443348, 8.383760452461853 ], [ -74.817001342328567, 8.379099845818462 ], [ -74.807800292593328, 8.365799903930911 ], [ -74.802597045479729, 8.356499671607983 ], [ -74.808898925691352, 8.34329986562558 ], [ -74.80490112262018, 8.33290004709033 ], [ -74.80200195338719, 8.324799537590184 ], [ -74.802597046238233, 8.31149959541389 ], [ -74.800300597703824, 8.290699959073157 ], [ -74.791000366556531, 8.276200294030071 ], [ -74.7835006713768, 8.274999618613753 ], [ -74.776603699092703, 8.264599800331887 ], [ -74.776000976186964, 8.260000228912181 ], [ -74.773101807016602, 8.24950027436911 ], [ -74.78469848606062, 8.239199638343667 ], [ -74.782897948911028, 8.225899696153286 ], [ -74.788101196500378, 8.214400291340768 ], [ -74.802497864136697, 8.203499793755762 ], [ -74.816902160893591, 8.197199821025333 ], [ -74.827903747573927, 8.19610023521119 ], [ -74.836502075400261, 8.194899559510233 ], [ -74.833938598382701, 8.185330390929787 ], [ -74.839996337573467, 8.182200431331202 ], [ -74.854400635119148, 8.172499656708087 ], [ -74.863601685041175, 8.16209983820322 ], [ -74.879096985343807, 8.14490032224357 ], [ -74.895896911391461, 8.124699592854688 ], [ -74.907402038555389, 8.102800369104939 ], [ -74.910797119331932, 8.088399886927105 ], [ -74.933296203992356, 8.068300247118762 ], [ -74.958602905118539, 8.050499916534218 ], [ -74.970199584527549, 8.048199653874088 ], [ -74.994400023900184, 8.047699928332433 ], [ -75.029502869036747, 8.043199538926221 ], [ -75.05660247806118, 8.041099547930212 ], [ -75.073402404701071, 8.035900115988243 ], [ -75.090103149908813, 8.036600113182271 ], [ -75.105102539359919, 8.038399696143443 ], [ -75.129302978992641, 8.036199569362214 ], [ -75.154602050940369, 8.032199860136302 ], [ -75.176002502081715, 8.032299995303511 ], [ -75.201896667965244, 8.031800269782028 ], [ -75.214546203906323, 8.031888008118905 ], [ -75.21630096477935, 8.03190040613041 ], [ -75.22899627708513, 8.024399756999397 ], [ -75.236503601125108, 8.009499549907479 ], [ -75.244003296033085, 8.000800132967642 ], [ -75.254302978308928, 7.991600036790401 ], [ -75.257202147924758, 7.979499816562662 ], [ -75.260696410754775, 7.969099998316151 ], [ -75.26760101315449, 7.967999934953289 ], [ -75.272796630562624, 7.967400073746259 ], [ -75.28140258809222, 7.96689987164268 ], [ -75.285400390907085, 7.96229982324969 ], [ -75.289497375327912, 7.951300144351494 ], [ -75.289497375615326, 7.945600033026447 ], [ -75.301002502547206, 7.93349981346312 ], [ -75.309097289800491, 7.932400226283953 ], [ -75.321701049788388, 7.931799888237943 ], [ -75.327522277839705, 7.925164223119053 ], [ -75.333801269621731, 7.918000221217624 ], [ -75.334999083967048, 7.909900188950244 ], [ -75.341300964146257, 7.890299797369146 ], [ -75.342498779123204, 7.875299930132155 ], [ -75.346496582251177, 7.856800079646305 ], [ -75.360900878479441, 7.8464999201854 ], [ -75.374702453439099, 7.840199946940058 ], [ -75.396598816155887, 7.830500125757895 ], [ -75.411598205577917, 7.824800014152609 ], [ -75.431198119845064, 7.820199966907967 ], [ -75.450798034347784, 7.811100006025641 ], [ -75.457702636925831, 7.809999942542964 ], [ -75.473899841230178, 7.807700157257775 ], [ -75.475601196221859, 7.794400215038586 ], [ -75.473297118843021, 7.788599967950461 ], [ -75.469802856754768, 7.775899887357279 ], [ -75.472702026057746, 7.769000052956334 ], [ -75.477302551243909, 7.759799956779223 ], [ -75.483596801733498, 7.750000000365812 ], [ -75.493400573698395, 7.746600151300158 ], [ -75.489997863821372, 7.734399795234311 ], [ -75.49169921849338, 7.725800037697494 ], [ -75.497398376166828, 7.71999978970136 ], [ -75.502601623358231, 7.713099956211453 ], [ -75.503196716083778, 7.707300186202644 ], [ -75.507202148275951, 7.706799983958939 ], [ -75.513000488135674, 7.705599784405088 ], [ -75.521102905479424, 7.705100059844613 ], [ -75.527999878186932, 7.705100059116361 ], [ -75.536102295055741, 7.705200195721912 ], [ -75.545303344615363, 7.70809984232689 ], [ -75.555702209453258, 7.712200164606705 ], [ -75.564903259642918, 7.715700149872766 ], [ -75.574699401411038, 7.7260999675787 ], [ -75.585098266227959, 7.733699799052399 ], [ -75.592597961911309, 7.733699798341385 ], [ -75.608100890697898, 7.730899810521016 ], [ -75.626602173263493, 7.726299762718408 ], [ -75.649597168233697, 7.713099956514003 ], [ -75.66290283212814, 7.700500011405364 ], [ -75.671501159781371, 7.689000129674625 ], [ -75.676101684281733, 7.678599834091372 ], [ -75.682403564525615, 7.656099796332335 ], [ -75.681900024168613, 7.641600131514661 ], [ -75.688796996713123, 7.621500015769741 ], [ -75.696800232339058, 7.603600024963047 ], [ -75.70079803476078, 7.583399772888218 ], [ -75.714698791600526, 7.560900211120341 ], [ -75.723297119542309, 7.546500205947088 ], [ -75.734298706089248, 7.53149986270321 ], [ -75.746398925728855, 7.519499778783843 ], [ -75.762496947726376, 7.499899863973517 ], [ -75.774597168065611, 7.482600211806735 ], [ -75.786697387639677, 7.460100174088657 ], [ -75.800498962246891, 7.441699982055487 ], [ -75.810302734378553, 7.425000190732431 ], [ -75.819503784173307, 7.41690015742767 ], [ -75.825798034258725, 7.408899784054651 ], [ -75.835601806148958, 7.409500122355186 ], [ -75.841400146144011, 7.388700008561457 ], [ -75.9116973874292, 7.368800163363727 ], [ -76.030403136958569, 7.35309982306256 ], [ -76.341697693364665, 7.35160017013301 ], [ -76.346900940057708, 7.353300094445068 ], [ -76.359001159695865, 7.363200187480495 ], [ -76.36710357672834, 7.371300220495959 ], [ -76.379798889646395, 7.390399933102066 ], [ -76.396499633999085, 7.403800010321957 ], [ -76.404602050869059, 7.411300182574172 ], [ -76.410400390251283, 7.422900200367181 ], [ -76.425399780481982, 7.447800159667509 ], [ -76.42939758272351, 7.45879983871306 ], [ -76.435798645052344, 7.471499919737989 ], [ -76.44609832717957, 7.48950004553804 ], [ -76.45600128174749, 7.510900021040787 ], [ -76.466300964811055, 7.529399871928441 ], [ -76.477302550859292, 7.535200119243361 ], [ -76.481903076295666, 7.560699939684234 ], [ -76.487701416090829, 7.580299854363852 ], [ -76.502700805516, 7.597700118699882 ], [ -76.505599975749092, 7.609899998200945 ], [ -76.509597777985746, 7.620299816459895 ], [ -76.514801025765991, 7.637000083500666 ], [ -76.518302917412811, 7.645699978259088 ], [ -76.518898009885831, 7.657899856965324 ], [ -76.514297485815234, 7.678100108620065 ], [ -76.514297485075843, 7.693699836515123 ], [ -76.50910186749762, 7.718500137255081 ], [ -76.504501342653654, 7.739200115556719 ], [ -76.501098632371097, 7.766399860630949 ], [ -76.500076293654203, 7.774499893090098 ], [ -76.497100829694489, 7.798099994461468 ], [ -76.490196228120894, 7.835100173564779 ], [ -76.481498717950373, 7.852399825740997 ], [ -76.468299865640034, 7.87659978840151 ], [ -76.463699340388018, 7.884099960020857 ], [ -76.460800170734288, 7.893899917287676 ], [ -76.455596923456767, 7.909999846968669 ], [ -76.448097229204791, 7.920400143057709 ], [ -76.431999206269822, 7.948599814900837 ], [ -76.428497314148572, 7.957300186415467 ], [ -76.422798156403758, 7.973400116007875 ], [ -76.421600342229155, 7.981500149004203 ], [ -76.42050170936632, 7.984399795067104 ], [ -76.417602538875599, 7.998799800918029 ], [ -76.416496276787058, 8.01900005380001 ], [ -76.415298461610718, 8.026499747974896 ], [ -76.4164962770529, 8.043299675371165 ], [ -76.414802550947584, 8.062299728026058 ], [ -76.413597106967174, 8.064100265675231 ], [ -76.413002014168711, 8.073300362082996 ], [ -76.406700134167352, 8.083100318540151 ], [ -76.405601501464432, 8.087699890589045 ], [ -76.401000977042472, 8.098099709043051 ], [ -76.399200439976724, 8.103300094786915 ], [ -76.395202636664337, 8.119400024671313 ], [ -76.392303467028043, 8.130999564964984 ], [ -76.392898559333759, 8.133299827125001 ], [ -76.38539886484736, 8.146499633354228 ], [ -76.382713317522175, 8.15028953525052 ], [ -76.372703552064749, 8.164400100257328 ], [ -76.364700317403049, 8.189200401371188 ], [ -76.354896545661504, 8.20009994461504 ], [ -76.342796325599224, 8.232999801338476 ], [ -76.327796936327744, 8.252599716638205 ], [ -76.312301635405348, 8.274499893375328 ], [ -76.299003601593341, 8.294599533185693 ], [ -76.283500670961402, 8.318300246707167 ], [ -76.265602111934911, 8.349900245388591 ], [ -76.25409698529414, 8.369500160154407 ], [ -76.24659729017813, 8.375300407769366 ], [ -76.234001159923451, 8.388500214037737 ], [ -76.219497680632315, 8.402299880942961 ], [ -76.200500488708045, 8.416700363390072 ], [ -76.196502686044283, 8.418399810438579 ], [ -76.195396422883434, 8.4265003199598 ], [ -76.195899963085111, 8.437999725778706 ], [ -76.197700500260851, 8.451299667601925 ], [ -76.20059967092115, 8.463999747938862 ], [ -76.201698302741846, 8.471599578771407 ], [ -76.205200194948418, 8.487700462693839 ], [ -76.20809936570663, 8.501000404493956 ], [ -76.211502075075614, 8.521900177481738 ], [ -76.21209716756826, 8.534600257560333 ], [ -76.21440124481353, 8.551300048926084 ], [ -76.216201782259702, 8.564000129874918 ], [ -76.217300414739157, 8.571599960607658 ], [ -76.227699280270471, 8.579099654705526 ], [ -76.2270965571402, 8.583700180074434 ], [ -76.23979949942084, 8.589599608884635 ], [ -76.251899718961482, 8.593600272999666 ], [ -76.262901305656143, 8.603500365936936 ], [ -76.276199340456984, 8.608799934841512 ], [ -76.29170227100326, 8.617500305423777 ], [ -76.298103332859952, 8.616399765374911 ], [ -76.307296753339372, 8.619299888783285 ], [ -76.322303771840396, 8.62569999737873 ], [ -76.33039855993637, 8.633799553250547 ], [ -76.333801269384693, 8.635600090163006 ], [ -76.33730316176144, 8.638500213305855 ], [ -76.349403381618998, 8.652999878202092 ], [ -76.359802245607909, 8.681300162820364 ], [ -76.364997864130018, 8.695199965943251 ], [ -76.374198914089121, 8.710300445435939 ], [ -76.377098083809244, 8.729299545626644 ], [ -76.379997253809492, 8.740300178923009 ], [ -76.38120269823682, 8.753600120878698 ], [ -76.383499145462778, 8.767499923747176 ], [ -76.387496948414551, 8.779100418407397 ], [ -76.389801025757464, 8.791199684169223 ], [ -76.391601562060274, 8.79699993179474 ], [ -76.394401549926684, 8.813199996998659 ], [ -76.397300720685223, 8.825300216408367 ], [ -76.399101257141808, 8.833399772316817 ], [ -76.404800415077801, 8.842100143647412 ], [ -76.415199279339191, 8.850799560303892 ], [ -76.421600341390473, 8.857199668536715 ], [ -76.437103271438161, 8.868200301794813 ], [ -76.441802978293779, 8.876299858427434 ], [ -76.451599120677031, 8.88729953721422 ], [ -76.449302673232921, 8.887900352127335 ], [ -76.44519805874198, 8.889599799671331 ], [ -76.441802978048912, 8.891900062722756 ], [ -76.430801391870986, 8.895299911484189 ], [ -76.415298461853212, 8.905099869041983 ], [ -76.402603149233471, 8.9097003941519 ], [ -76.386398315734311, 8.915399551818778 ], [ -76.376098632686208, 8.925700187528676 ], [ -76.370903014787331, 8.936699866838289 ], [ -76.366302490157665, 8.944700240939602 ], [ -76.362800598040494, 8.951700211073288 ], [ -76.347297668189029, 8.957900046836691 ], [ -76.339797973556131, 8.964799881383055 ], [ -76.326499938712686, 8.971699714468526 ], [ -76.323097228766457, 8.972299576251549 ], [ -76.310401916069168, 8.976300239842853 ], [ -76.293098449455897, 8.991200447503928 ], [ -76.285598754631621, 8.998100280396137 ], [ -76.281600952356314, 9.005599975888494 ], [ -76.281600952078463, 9.014900207756327 ], [ -76.278099059797, 9.024100303852457 ], [ -76.271202087294114, 9.03789997053021 ], [ -76.268302917956319, 9.047699927924027 ], [ -76.265998840233749, 9.050600052044167 ], [ -76.262001037848776, 9.06620025645279 ], [ -76.256797790123414, 9.074799537997938 ], [ -76.246498107633684, 9.087499618360297 ], [ -76.238403320802377, 9.095000266820053 ], [ -76.22049713176628, 9.10700035137112 ], [ -76.212501526253433, 9.114500045287709 ], [ -76.210700988669743, 9.118000030783294 ], [ -76.203796386751861, 9.126600265831961 ], [ -76.203201294171237, 9.130100250432692 ], [ -76.199798583758252, 9.134699821891408 ], [ -76.196296691788888, 9.145600318554026 ], [ -76.189399719101758, 9.162300109753597 ], [ -76.188903808910979, 9.175600052168026 ], [ -76.18890380854485, 9.209699630345494 ], [ -76.187698364042575, 9.221300125115764 ], [ -76.176803588394534, 9.23849964118198 ], [ -76.165802002159097, 9.249500275116636 ], [ -76.15489959757511, 9.256899834194067 ], [ -76.139900207007898, 9.265500068166013 ], [ -76.130096435065539, 9.270099639446995 ], [ -76.125503539838064, 9.277600288492232 ], [ -76.124397277973117, 9.290900230142418 ], [ -76.125503539905409, 9.296699524385216 ], [ -76.127799988145298, 9.3048000338446 ], [ -76.124397278240892, 9.308199882382425 ], [ -76.113998412814084, 9.319700241261001 ], [ -76.098396300903246, 9.328900337059027 ], [ -76.095001221063058, 9.332300185767847 ], [ -76.092697143095549, 9.332900047409211 ], [ -76.083503723311452, 9.338100432974203 ], [ -76.081199646280481, 9.339799881444796 ], [ -76.074798583621174, 9.346099853904809 ], [ -76.063903808742907, 9.34780025470868 ], [ -76.052299499300986, 9.348899841753806 ], [ -76.024101257331921, 9.359800338600802 ], [ -76.005096435303557, 9.371199607818278 ], [ -75.982597351135226, 9.379799842634096 ], [ -75.964202880895201, 9.394200325481544 ], [ -75.955001831113819, 9.407999992550161 ], [ -75.949203491163047, 9.410300254882277 ], [ -75.930702209365805, 9.410200119252755 ], [ -75.915802001866084, 9.409600257743136 ], [ -75.894401550428086, 9.420499801845496 ], [ -75.878303527476106, 9.420999526883481 ], [ -75.876022338520713, 9.420789718279353 ], [ -75.865753174002606, 9.419847487905121 ], [ -75.857002258410034, 9.424900054931127 ], [ -75.854698181536591, 9.424900055038806 ], [ -75.847702026646218, 9.424900055424228 ], [ -75.831001281244014, 9.424799919089681 ], [ -75.819503784195192, 9.42300033587717 ] ] ] } },
{ "type": "Feature", "properties": { "DPTO": "25", "NOMBRE_DPT": "CUNDINAMARCA", "AREA": 22800258637.522999, "PERIMETER": 1164175.024, "HECTARES": 2280025.8640000001 }, "geometry": { "type": "Polygon", "coordinates": [ [ [ -74.329597473677751, 5.748899936821267 ], [ -74.329002380661706, 5.741399765364318 ], [ -74.326103209972985, 5.737899779829131 ], [ -74.319801330255203, 5.727499961956656 ], [ -74.319198608469719, 5.72279977818656 ], [ -74.321502685755661, 5.703800201473404 ], [ -74.324302673505414, 5.694600104919021 ], [ -74.312797546887523, 5.688700198596225 ], [ -74.30590057399246, 5.681200027041265 ], [ -74.30529785179904, 5.670800208547929 ], [ -74.314002990639636, 5.657000064936272 ], [ -74.320297241181819, 5.642600059148871 ], [ -74.331199645708807, 5.631599902927737 ], [ -74.339302062915365, 5.625899791544907 ], [ -74.345100402731845, 5.620699882550472 ], [ -74.346199035240716, 5.612100124036473 ], [ -74.34159851080733, 5.60160017064266 ], [ -74.338096618328294, 5.592999935334019 ], [ -74.32890319840871, 5.577899933033168 ], [ -74.319702148276235, 5.567500114306001 ], [ -74.312698364723488, 5.552400112268521 ], [ -74.305801391861166, 5.543200016167924 ], [ -74.295402526869054, 5.525800228080978 ], [ -74.292503356725987, 5.508999824459883 ], [ -74.29199981643491, 5.498000145428503 ], [ -74.28099823051005, 5.485300064514769 ], [ -74.262496947883875, 5.470200061446049 ], [ -74.24990081782002, 5.463799953203059 ], [ -74.243499755437782, 5.461400032197821 ], [ -74.238899230487277, 5.460800171327503 ], [ -74.230796814468832, 5.460800171057009 ], [ -74.22100067085951, 5.461400031705868 ], [ -74.218101500933358, 5.46129989634326 ], [ -74.215797423898678, 5.461299896604423 ], [ -74.208900451909301, 5.460700035207138 ], [ -74.20429992725532, 5.45839977226116 ], [ -74.201400757279146, 5.456099986905073 ], [ -74.195701599579309, 5.452000140676982 ], [ -74.179496764772168, 5.44439983409125 ], [ -74.169097900760207, 5.43919992447189 ], [ -74.157600402753829, 5.440899848994886 ], [ -74.149497985669342, 5.44309997601644 ], [ -74.138603210496925, 5.443699836441414 ], [ -74.135101318096574, 5.439599990671462 ], [ -74.131103515285005, 5.434400081919516 ], [ -74.128196716597458, 5.429800033446106 ], [ -74.126502990552851, 5.425099849550295 ], [ -74.123596190911982, 5.416500091364305 ], [ -74.121902466270143, 5.414100169837631 ], [ -74.114898681226038, 5.401999950935513 ], [ -74.107398987116227, 5.392700195658692 ], [ -74.10399627709981, 5.386300087106243 ], [ -74.096496582410623, 5.382900238394184 ], [ -74.082099914714476, 5.380499839739012 ], [ -74.073402404254082, 5.366600036540908 ], [ -74.064201355313216, 5.356699943468426 ], [ -74.055000305211721, 5.353199958716262 ], [ -74.047996521259549, 5.35550022175727 ], [ -74.045196533632264, 5.358399867704754 ], [ -74.042800903515129, 5.358399867601713 ], [ -74.040351867259858, 5.354670524749324 ], [ -74.027900695507839, 5.368100166546544 ], [ -74.017501831532272, 5.383100033162121 ], [ -74.012901306532186, 5.390600204670297 ], [ -73.999099731764773, 5.394599914347862 ], [ -73.986999511324754, 5.400300026422957 ], [ -73.973701477531606, 5.406599998020412 ], [ -73.970802306810242, 5.417600155274672 ], [ -73.963302612825302, 5.426199912679184 ], [ -73.959899902425676, 5.434800147801202 ], [ -73.955902099694256, 5.445799827548919 ], [ -73.947799683016925, 5.451000213681293 ], [ -73.943199157800819, 5.452700138353716 ], [ -73.940902710345497, 5.454400062539624 ], [ -73.937400818404569, 5.464200020229394 ], [ -73.936798095632113, 5.466499805902812 ], [ -73.935699462673583, 5.470600127985319 ], [ -73.934501648418035, 5.478600024689424 ], [ -73.929397583055035, 5.487899780615724 ], [ -73.92530059842575, 5.500500202483634 ], [ -73.922996521393699, 5.501699924260626 ], [ -73.915496826282194, 5.511499881348359 ], [ -73.898803710420793, 5.51660013154325 ], [ -73.890197754317555, 5.520599841712118 ], [ -73.883796692356171, 5.52519989013592 ], [ -73.879203796761075, 5.530399799171921 ], [ -73.871696471758526, 5.537899971054575 ], [ -73.86830139168265, 5.539000033899241 ], [ -73.863700866715533, 5.54650020610982 ], [ -73.859100342018834, 5.551099776853492 ], [ -73.853302001602984, 5.556900024668559 ], [ -73.844703674346334, 5.564300059978676 ], [ -73.83260345501688, 5.571199894416652 ], [ -73.829696655494971, 5.571199894426547 ], [ -73.825103759859701, 5.573500156600613 ], [ -73.816398620239013, 5.579199790692363 ], [ -73.813003540108241, 5.567100048207394 ], [ -73.810096740249946, 5.546299933921165 ], [ -73.812896728100839, 5.534200191635421 ], [ -73.821601867216614, 5.51510000265988 ], [ -73.819297790071957, 5.502999782878637 ], [ -73.820999145765157, 5.496600151284974 ], [ -73.826438903788102, 5.487901687374624 ], [ -73.816398621124236, 5.484499931670397 ], [ -73.800201416133618, 5.475800037597915 ], [ -73.788696288554831, 5.475100040949349 ], [ -73.784698486728246, 5.47170019127894 ], [ -73.781196593757926, 5.468800068197488 ], [ -73.778297424835074, 5.467000007733604 ], [ -73.773696899236583, 5.464099883624676 ], [ -73.763298034585816, 5.46519994718042 ], [ -73.758102417338335, 5.462900161990096 ], [ -73.753501892134366, 5.46049976391444 ], [ -73.749496460366615, 5.460499763605655 ], [ -73.746597289778663, 5.46049976382751 ], [ -73.728202819617422, 5.452400207510982 ], [ -73.717201233433471, 5.449999809611892 ], [ -73.708000183110457, 5.449399948602482 ], [ -73.692398070956926, 5.441800117468959 ], [ -73.690696716000403, 5.435400008713284 ], [ -73.683799743967697, 5.422699928305443 ], [ -73.675697326957604, 5.41340017297544 ], [ -73.660697937462913, 5.405900001823452 ], [ -73.649696349631199, 5.396599769896206 ], [ -73.641700745045512, 5.388500214020961 ], [ -73.635902405204277, 5.381499767763205 ], [ -73.64340209954797, 5.381000041500013 ], [ -73.642196655749402, 5.372900009516173 ], [ -73.642196655003559, 5.365900039324108 ], [ -73.640502929291472, 5.361299991340273 ], [ -73.640502929426873, 5.356699943140091 ], [ -73.641601562599178, 5.343400001617323 ], [ -73.63700103720906, 5.334700107620034 ], [ -73.636398315121951, 5.330100059913061 ], [ -73.632400512434785, 5.324900150603219 ], [ -73.630699157922621, 5.322599888161824 ], [ -73.617996215482066, 5.306300163423444 ], [ -73.613403319935657, 5.301700114720904 ], [ -73.601196288792821, 5.283199786728077 ], [ -73.596603393077942, 5.268700122321896 ], [ -73.589698791373522, 5.266399860469158 ], [ -73.577003478838492, 5.265699863839512 ], [ -73.571296691849582, 5.265100002664651 ], [ -73.563796997137388, 5.251200199604278 ], [ -73.560897827303336, 5.235599994638909 ], [ -73.56030273407255, 5.221799850411752 ], [ -73.559097290458595, 5.199800014678948 ], [ -73.552200317217697, 5.192800045345168 ], [ -73.54869842494351, 5.171500205923675 ], [ -73.533096313812663, 5.152900218931221 ], [ -73.52619934104608, 5.138400078167239 ], [ -73.523902893057951, 5.127999782730122 ], [ -73.522201538187431, 5.118800162857211 ], [ -73.518592834470695, 5.113595009243046 ], [ -73.516998291493536, 5.111299991590872 ], [ -73.512901306544862, 5.098499774687766 ], [ -73.510101317822532, 5.092700004324963 ], [ -73.511199951543702, 5.073699951572923 ], [ -73.511802672912324, 5.060400008883069 ], [ -73.515197753925392, 5.051199913557983 ], [ -73.516403198253599, 5.04659986524011 ], [ -73.521003723656079, 5.034999847395385 ], [ -73.519203186119498, 5.021699905846464 ], [ -73.52500152604496, 5.015399932577002 ], [ -73.525596619133907, 5.008999824948345 ], [ -73.527900695318564, 5.00040006669014 ], [ -73.530700683211975, 4.989399910452655 ], [ -73.536499023392324, 4.982500075907007 ], [ -73.537101745592494, 4.979599952516526 ], [ -73.538200378664456, 4.975599765844455 ], [ -73.53880310077659, 4.972099780820112 ], [ -73.541099548235422, 4.964600085773572 ], [ -73.549201965286201, 4.95480012929777 ], [ -73.554901122765244, 4.945099830825738 ], [ -73.565902710279175, 4.92320013001894 ], [ -73.57160186788947, 4.909900188092361 ], [ -73.572799682685172, 4.904099941752593 ], [ -73.571601867586807, 4.897200107489093 ], [ -73.568702697681317, 4.892000198494071 ], [ -73.566368102747688, 4.890221119296299 ], [ -73.566398620449576, 4.886199951120257 ], [ -73.563003539537362, 4.88210010568561 ], [ -73.560699462838357, 4.87979984304256 ], [ -73.555999755996652, 4.87750005733011 ], [ -73.547996521299012, 4.87169980993185 ], [ -73.53820037800277, 4.872799873116135 ], [ -73.532402038674036, 4.872799873359031 ], [ -73.528999328382113, 4.8727002143201 ], [ -73.519699096406441, 4.873300075890039 ], [ -73.515701294020403, 4.873300075639848 ], [ -73.501899719772339, 4.873799801272478 ], [ -73.484001159477216, 4.872000217462026 ], [ -73.465499877829046, 4.870699882123397 ], [ -73.459800719840629, 4.871300220990208 ], [ -73.448196411470164, 4.871200084468273 ], [ -73.437301635840754, 4.865399837593563 ], [ -73.432701110763773, 4.860799789047504 ], [ -73.424598693427328, 4.856699943699514 ], [ -73.416000366433707, 4.850299835376854 ], [ -73.413101195884892, 4.845699786632321 ], [ -73.41310119649323, 4.840499878341219 ], [ -73.414802551099157, 4.832399844865261 ], [ -73.403297424010859, 4.827199935963758 ], [ -73.39980316213493, 4.819600104778393 ], [ -73.399200439061829, 4.80749988551494 ], [ -73.4031982420925, 4.787300109614017 ], [ -73.403800964614632, 4.781499862234506 ], [ -73.402099609700215, 4.778600215922577 ], [ -73.388801575171499, 4.77110004464781 ], [ -73.373802184621937, 4.764699935798651 ], [ -73.370399474926742, 4.763500213980461 ], [ -73.366302489716475, 4.761199951062923 ], [ -73.354797363732686, 4.754199981822326 ], [ -73.346702575905553, 4.743700027579408 ], [ -73.343803405956066, 4.736800193961318 ], [ -73.342697143410533, 4.729300021832661 ], [ -73.338096619033195, 4.717700004510456 ], [ -73.334602355711453, 4.710800171111278 ], [ -73.326499939123678, 4.708399772346417 ], [ -73.316101073770071, 4.708399773021128 ], [ -73.296501159531843, 4.709499835838761 ], [ -73.282096862387633, 4.710599899612832 ], [ -73.27690124461958, 4.711699962409355 ], [ -73.26309966989696, 4.707600116469795 ], [ -73.259597778378122, 4.695400238569864 ], [ -73.260803222393676, 4.68160009375017 ], [ -73.261398315787801, 4.673500061561342 ], [ -73.256202697376295, 4.665400028702394 ], [ -73.242301941256827, 4.661300182351844 ], [ -73.234298706039766, 4.65609979624702 ], [ -73.205772399609145, 4.647428989939683 ], [ -73.20140075680149, 4.646100044220406 ], [ -73.193298340316545, 4.642600059075733 ], [ -73.186401367626587, 4.642000198551021 ], [ -73.172599792038753, 4.644199847972891 ], [ -73.161003112797957, 4.650000095598377 ], [ -73.151199341099272, 4.650499820887267 ], [ -73.146102905700374, 4.650499820358502 ], [ -73.143203735605738, 4.648700237238195 ], [ -73.135696411445764, 4.647600174011101 ], [ -73.128799438723973, 4.649300098734486 ], [ -73.123596191588192, 4.658500194482908 ], [ -73.119003295518851, 4.668300151456574 ], [ -73.114402771177794, 4.676300048507812 ], [ -73.110900879055094, 4.684999942495273 ], [ -73.106903075949916, 4.696000099549368 ], [ -73.103996276572545, 4.705200195668087 ], [ -73.098800659432172, 4.712100028769128 ], [ -73.086097717189901, 4.717800140039977 ], [ -73.078102111379948, 4.714300155919561 ], [ -73.069396972603769, 4.703299999622973 ], [ -73.067703247083273, 4.692299842697934 ], [ -73.067703247454176, 4.68709993410043 ], [ -73.07289886487132, 4.677299976733729 ], [ -73.072303772097413, 4.666399955840457 ], [ -73.109596252751658, 4.43720006994153 ], [ -73.138298035132792, 4.221300125545028 ], [ -73.145797729418859, 4.190700054565846 ], [ -73.159103393524063, 4.197700023208043 ], [ -73.181503295578807, 4.204699992936199 ], [ -73.205802917603108, 4.223299980317531 ], [ -73.251899719213981, 4.248899936889982 ], [ -73.290496826677213, 4.255400180463429 ], [ -73.329101562776316, 4.261400222518723 ], [ -73.36260223413278, 4.270699977927445 ], [ -73.388000488383938, 4.278399944132916 ], [ -73.416198729965643, 4.284800052816071 ], [ -73.440399170171446, 4.274499892681776 ], [ -73.454803467262778, 4.265299796751597 ], [ -73.473297118667006, 4.262499809412796 ], [ -73.521102904885865, 4.25930023141745 ], [ -73.541297912912597, 4.264599800012982 ], [ -73.551696777638725, 4.263999938440506 ], [ -73.560897827620863, 4.269800186059768 ], [ -73.574203490933456, 4.284900188862005 ], [ -73.57129669167297, 4.299900055067516 ], [ -73.574203491210724, 4.31669998216952 ], [ -73.578201294404025, 4.331099987402261 ], [ -73.582298278880231, 4.336900234562309 ], [ -73.588600158469191, 4.347899914178582 ], [ -73.595497131440155, 4.360099792064865 ], [ -73.602401732995702, 4.368199825761526 ], [ -73.608200073225305, 4.377500057000606 ], [ -73.60939788821932, 4.386099815735361 ], [ -73.610496521490603, 4.396500110276442 ], [ -73.613777160917394, 4.407259464008804 ], [ -73.612297057852174, 4.409800052805373 ], [ -73.61000061017667, 4.413300037207935 ], [ -73.604202269983418, 4.426599979676705 ], [ -73.602500915178666, 4.434599876188754 ], [ -73.602500915436281, 4.439799785118276 ], [ -73.603599548470584, 4.445600032383568 ], [ -73.61229705794706, 4.450799942025622 ], [ -73.613998412569174, 4.452000141231158 ], [ -73.620903014876646, 4.456699848060414 ], [ -73.623802184547046, 4.459599971475227 ], [ -73.635902405077175, 4.456099986696776 ], [ -73.645698547737581, 4.46140003175998 ], [ -73.65670013442697, 4.46490001695308 ], [ -73.666496277188216, 4.470099925738442 ], [ -73.66819763217498, 4.475299835486521 ], [ -73.683197021127157, 4.467299938590458 ], [ -73.691902160946782, 4.472599983644424 ], [ -73.69360351565642, 4.477799892550062 ], [ -73.697097778758604, 4.486400127901914 ], [ -73.701103210604643, 4.492800236076408 ], [ -73.709701538572105, 4.50320005408797 ], [ -73.72360229480519, 4.505000114850726 ], [ -73.75589752211738, 4.486700058485761 ], [ -73.775398254409879, 4.4647998808327 ], [ -73.796203613406973, 4.447599888130004 ], [ -73.811698913269254, 4.429699898127248 ], [ -73.823303222644242, 4.41590023026933 ], [ -73.826103210225796, 4.407299995226064 ], [ -73.830200194986858, 4.394000053363368 ], [ -73.834800720229197, 4.381299972812113 ], [ -73.835296631042667, 4.376100063461061 ], [ -73.829002380101457, 4.365699768531752 ], [ -73.820297241304161, 4.360499859049404 ], [ -73.81050109836886, 4.352900028762002 ], [ -73.806503296331087, 4.341899872185619 ], [ -73.804801940695441, 4.325200080974445 ], [ -73.802398681940232, 4.315899849050783 ], [ -73.799598694331095, 4.305500030430802 ], [ -73.80069732639349, 4.287600040393841 ], [ -73.796096801401291, 4.272600173680869 ], [ -73.793800353697605, 4.264500141434156 ], [ -73.791496276711456, 4.248899936397641 ], [ -73.780502319616403, 4.231500148682445 ], [ -73.767799377938459, 4.221000194859889 ], [ -73.765502929897622, 4.213500023101197 ], [ -73.764297485496201, 4.200200081262612 ], [ -73.771202087343681, 4.193299770567667 ], [ -73.775901793996312, 4.188099860803433 ], [ -73.809898376622499, 4.166900157468839 ], [ -73.836898803682161, 4.150300026470019 ], [ -73.863403320723449, 4.137100219940709 ], [ -73.888801574644305, 4.125599861334345 ], [ -73.912399291962359, 4.109600067462403 ], [ -73.929100037154015, 4.100399970476894 ], [ -73.955101013289308, 4.096499920250199 ], [ -73.972396850525101, 4.095399856903849 ], [ -73.977600097984535, 4.096000194960877 ], [ -73.991401672871817, 4.09490013129706 ], [ -74.008102417514564, 4.095499992751091 ], [ -74.039199829550313, 4.088699817907734 ], [ -74.051902770680442, 4.07899999652234 ], [ -74.05999755839656, 4.066299915566696 ], [ -74.070899963909213, 4.053599833911925 ], [ -74.085296631015964, 4.039800166620817 ], [ -74.090499878444263, 4.03700017913577 ], [ -74.114097595476125, 4.020899772257391 ], [ -74.145301818848367, 4.014699935551632 ], [ -74.175201415932619, 4.006100177909847 ], [ -74.197700500815884, 4.006199836474726 ], [ -74.215599059561995, 4.003399848959822 ], [ -74.219596862561716, 3.999399900253331 ], [ -74.219596863213908, 4.011499881772736 ], [ -74.216201782632865, 4.017899990005551 ], [ -74.21330261186452, 4.029399871512743 ], [ -74.211601257579389, 4.038000107291553 ], [ -74.209800720013902, 4.046100139931743 ], [ -74.207496643212821, 4.048399924846192 ], [ -74.202400207262983, 4.058199882241833 ], [ -74.197700500645809, 4.065700053630847 ], [ -74.196601868089047, 4.074399948058621 ], [ -74.193702697240511, 4.078400134856257 ], [ -74.188499451013669, 4.089399814308472 ], [ -74.188499450893431, 4.098000050043674 ], [ -74.186798095630834, 4.10729980470147 ], [ -74.186798095188522, 4.119400023884334 ], [ -74.186302185198471, 4.12340021085857 ], [ -74.182800292648722, 4.132100105458985 ], [ -74.178199768147422, 4.141900062022306 ], [ -74.173599242907798, 4.148200034667272 ], [ -74.167800903526171, 4.150499820632193 ], [ -74.157501220166878, 4.161399841305903 ], [ -74.152297973514251, 4.165500163930583 ], [ -74.149398803979324, 4.169499874202738 ], [ -74.145896911253274, 4.177000045840658 ], [ -74.14589691110173, 4.181600093948864 ], [ -74.147697448202663, 4.194300174473255 ], [ -74.149398803908156, 4.204699992984743 ], [ -74.150596618208354, 4.211699963008165 ], [ -74.151702881275014, 4.221499919480165 ], [ -74.151702881171644, 4.231900214922276 ], [ -74.151702880352701, 4.241099834239205 ], [ -74.152900696261497, 4.248600005853624 ], [ -74.153503418464012, 4.255599975216394 ], [ -74.153503417914735, 4.262499809031617 ], [ -74.151199340737861, 4.272299766409721 ], [ -74.150596619136763, 4.278699875369298 ], [ -74.146003722969866, 4.289000034166237 ], [ -74.143096923825013, 4.296000003485312 ], [ -74.140800476162084, 4.29650020600742 ], [ -74.137397766562003, 4.29879999190128 ], [ -74.136199951160364, 4.300600051591657 ], [ -74.135101318311825, 4.304599761645151 ], [ -74.131599426745922, 4.308599948597967 ], [ -74.131599426733658, 4.312699794542628 ], [ -74.131599426739697, 4.316100120524447 ], [ -74.131599426023939, 4.319600105716416 ], [ -74.128097533719526, 4.325399876113883 ], [ -74.127601623248609, 4.336900234122194 ], [ -74.121200561484656, 4.347300052248271 ], [ -74.121200561253033, 4.355899810490867 ], [ -74.125900268847488, 4.368100166179429 ], [ -74.133399963765797, 4.378499984772398 ], [ -74.135101318863306, 4.388299942428725 ], [ -74.135696410984124, 4.396999836486759 ], [ -74.135101318724836, 4.401100158940131 ], [ -74.132202148045423, 4.406799793638395 ], [ -74.126998901308269, 4.418300151394036 ], [ -74.121299743198449, 4.425799846197739 ], [ -74.117301941267257, 4.431600094018917 ], [ -74.110298156649662, 4.437900066000108 ], [ -74.102302550894905, 4.44540023840901 ], [ -74.093101501239872, 4.45629978158778 ], [ -74.086097717517021, 4.465000152889538 ], [ -74.077499389323933, 4.471300125629925 ], [ -74.076896667168185, 4.477099895076112 ], [ -74.075798035168816, 4.480500220935945 ], [ -74.075202942332652, 4.486299991865533 ], [ -74.063697815431894, 4.490900039716067 ], [ -74.056800842413168, 4.493700027132141 ], [ -74.0561981197216, 4.500100135747288 ], [ -74.054496765481673, 4.506400108136553 ], [ -74.052696227812589, 4.515699863680605 ], [ -74.049896240560201, 4.522600174062298 ], [ -74.048698425324616, 4.528299808128851 ], [ -74.046997070738598, 4.532400131396281 ], [ -74.04350280799332, 4.536399841638443 ], [ -74.03720092784117, 4.542200088365817 ], [ -74.034896850983003, 4.547299861546431 ], [ -74.033203125307097, 4.549099922386556 ], [ -74.029701233123006, 4.553100109262685 ], [ -74.02570343032221, 4.551400184149083 ], [ -74.026298522925558, 4.564099788245266 ], [ -74.026298523317706, 4.581999778498317 ], [ -74.025100707592799, 4.592400074001842 ], [ -74.019897460409013, 4.605000018726045 ], [ -74.012397765876003, 4.614299774369637 ], [ -74.010101318128221, 4.622900009099982 ], [ -74.015899658738377, 4.627600192766428 ], [ -74.031501769947525, 4.617199897621505 ], [ -74.03320312479218, 4.62069988228902 ], [ -74.034896850743735, 4.631700038861328 ], [ -74.043601989859781, 4.630599975898049 ], [ -74.032600402869718, 4.646100044030733 ], [ -74.025703429894506, 4.653600216012229 ], [ -74.032699585023366, 4.673299788915558 ], [ -74.028602600242692, 4.690599918449244 ], [ -74.024002075019339, 4.709000111067869 ], [ -74.026397705039969, 4.738500117771109 ], [ -74.02690124535259, 4.748899936764027 ], [ -74.030998230171761, 4.761600018048234 ], [ -74.03040313685031, 4.777200221856218 ], [ -74.02639770530844, 4.783599853324755 ], [ -74.022903442170033, 4.795100212061961 ], [ -74.034500121679613, 4.799799918793404 ], [ -74.048896789848087, 4.810200214579317 ], [ -74.060401916548415, 4.81370019872888 ], [ -74.070800780953135, 4.816100120343013 ], [ -74.083999633808546, 4.816199779937039 ], [ -74.096099853201551, 4.815000057098898 ], [ -74.097900390212473, 4.809899806985795 ], [ -74.103599548078634, 4.801199913364338 ], [ -74.104202270806326, 4.787899970905833 ], [ -74.109397888305054, 4.780399799110839 ], [ -74.123199462779922, 4.774700164689263 ], [ -74.133003235080082, 4.77129983932464 ], [ -74.139297485098609, 4.759200095980369 ], [ -74.146797179724132, 4.740699768169936 ], [ -74.149696349663103, 4.735000133089094 ], [ -74.154899597301196, 4.721099853820693 ], [ -74.16410064687048, 4.716599941688937 ], [ -74.172203063758801, 4.70849990868486 ], [ -74.174499511621022, 4.706200122669354 ], [ -74.172203063830324, 4.69810009004551 ], [ -74.172203063546192, 4.694099903277345 ], [ -74.180198669332569, 4.690100192903358 ], [ -74.184799194469775, 4.686600207878252 ], [ -74.187698364447442, 4.686600208398671 ], [ -74.194099426662348, 4.678599834096741 ], [ -74.195800781158951, 4.671599864896409 ], [ -74.195800781432681, 4.661799908117679 ], [ -74.192901611159527, 4.655399799820407 ], [ -74.192901611068734, 4.643300056452134 ], [ -74.204399109145271, 4.638199805952031 ], [ -74.215400695996465, 4.635300159958276 ], [ -74.22570037795397, 4.628399848872758 ], [ -74.229797363117129, 4.626100063534558 ], [ -74.228599548379577, 4.612299918773117 ], [ -74.225700378419404, 4.597199916395509 ], [ -74.224601745316548, 4.587399959124576 ], [ -74.215896606179967, 4.58099985089017 ], [ -74.206703186041537, 4.561399936634642 ], [ -74.200897216671009, 4.547500133013559 ], [ -74.196899414393698, 4.535299777742352 ], [ -74.195701599500964, 4.514500141146499 ], [ -74.197998046881366, 4.496600151084304 ], [ -74.202598571520966, 4.476399898343573 ], [ -74.207801819354572, 4.460899829512614 ], [ -74.21929931664512, 4.436600208500638 ], [ -74.222198486398383, 4.421599864969536 ], [ -74.230796813697296, 4.404300212895865 ], [ -74.236602783018625, 4.394000053205569 ], [ -74.23940277137082, 4.381899833991505 ], [ -74.237701415602317, 4.377799987907345 ], [ -74.235397339092657, 4.374300003331744 ], [ -74.230796814186988, 4.36969995476438 ], [ -74.22789764367046, 4.366799831143545 ], [ -74.221496582303217, 4.351699829254999 ], [ -74.221000671210277, 4.34479999526675 ], [ -74.223297118961327, 4.335599899115688 ], [ -74.224998474558561, 4.328100204764232 ], [ -74.228996276612037, 4.322899818050262 ], [ -74.234802246105374, 4.313099861134118 ], [ -74.237701415965759, 4.303299903778763 ], [ -74.23